delivery_id,pred_service_min,pred_late_prob
ORD0092308,8.25,0.00112
ORD0092309,7.94,0.00333
ORD0092310,11.28,0.00237
ORD0092311,11.87,0.01903
ORD0092312,13.58,0.01534
ORD0092313,14.34,0.04188
ORD0092314,15.6,0.00306
ORD0092315,25.97,0.29076
ORD0092316,20.8,0.00623
ORD0092317,13.49,0.00151
ORD0092318,8.94,0.00132
ORD0092319,10.26,0.01273
ORD0092320,14.88,0.00302
ORD0092321,11.37,0.00152
ORD0092322,18.53,0.81585
ORD0092323,12.77,0.01626
ORD0092324,12.61,0.22683
ORD0092325,9.39,0.02559
ORD0092326,13.69,0.00409
ORD0092327,16.01,0.68824
ORD0092328,15.95,0.24594
ORD0092329,11.04,0.17622
ORD0092330,10.56,0.00287
ORD0092331,11.9,0.70233
ORD0092332,23.05,0.00087
ORD0092333,13.62,0.00094
ORD0092334,12.03,0.00683
ORD0092335,11.98,0.01135
ORD0092336,10.85,0.00293
ORD0092337,14.67,0.04962
ORD0092338,14.84,0.00768
ORD0092339,12.65,0.18839
ORD0092340,13.86,0.02206
ORD0092341,21.93,0.00221
ORD0092342,9.71,0.72056
ORD0092343,10.79,0.15011
ORD0092344,11.78,0.0487
ORD0092345,23.22,0.03729
ORD0092346,16.49,0.00323
ORD0092347,13.49,0.00256
ORD0092348,18.05,0.13914
ORD0092349,14.59,0.00936
ORD0092350,16.09,0.00556
ORD0092351,15.19,0.00219
ORD0092352,12.63,0.56028
ORD0092353,10.18,0.02566
ORD0092354,16.53,0.8987
ORD0092355,11.35,0.07095
ORD0092356,9.12,0.01044
ORD0092357,35.58,0.00171
ORD0092358,19.38,0.00295
ORD0092359,10.19,0.02489
ORD0092360,11.74,0.01339
ORD0092361,12.23,0.06322
ORD0092362,10.51,0.0229
ORD0092363,22.94,0.00545
ORD0092364,14.38,0.22011
ORD0092365,10.17,0.0128
ORD0092366,16.46,0.00336
ORD0092367,17.1,0.00547
ORD0092368,13.57,0.01944
ORD0092369,19.36,0.00258
ORD0092370,16.18,0.00821
ORD0092371,17.42,0.00752
ORD0092372,13.53,0.01465
ORD0092373,12.43,0.00612
ORD0092374,9.87,0.00758
ORD0092375,9.89,0.03934
ORD0092376,9.82,0.02051
ORD0092377,9.16,0.01359
ORD0092378,15.17,0.00643
ORD0092379,11.35,0.00557
ORD0092380,8.9,0.00292
ORD0092381,11.47,0.0017
ORD0092382,9.86,0.06073
ORD0092383,7.58,0.00294
ORD0092384,6.96,0.09935
ORD0092385,5.44,0.00873
ORD0092386,9.19,0.17563
ORD0092387,9.46,0.01698
ORD0092388,10.12,0.54745
ORD0092389,8.12,0.06392
ORD0092390,9.0,0.00167
ORD0092391,10.34,0.00076
ORD0092392,10.13,0.00047
ORD0092393,8.52,0.00251
ORD0092394,8.86,0.00165
ORD0092395,9.34,0.00087
ORD0092396,7.69,0.00069
ORD0092397,9.1,0.01886
ORD0092398,9.41,0.03139
ORD0092399,9.58,0.21926
ORD0092400,8.34,0.00332
ORD0092401,10.95,0.87844
ORD0092402,11.99,0.00122
ORD0092403,19.23,0.00113
ORD0092404,24.23,0.00629
ORD0092405,9.81,0.00264
ORD0092406,13.1,0.06169
ORD0092407,12.88,0.01067
ORD0092408,10.76,0.15212
ORD0092409,20.37,0.00552
ORD0092410,16.02,0.00708
ORD0092411,13.73,0.00421
ORD0092412,17.62,0.01771
ORD0092413,17.93,0.03305
ORD0092414,12.02,0.00226
ORD0092415,9.21,0.00441
ORD0092416,16.09,0.14735
ORD0092417,13.1,0.00372
ORD0092418,12.91,0.00289
ORD0092419,77.21,0.00145
ORD0092420,31.86,0.00164
ORD0092421,18.41,0.10849
ORD0092422,8.64,0.03986
ORD0092423,7.61,0.05981
ORD0092424,12.38,0.32422
ORD0092425,17.75,0.58603
ORD0092426,13.16,0.05852
ORD0092427,12.71,0.09048
ORD0092428,11.28,0.21204
ORD0092429,11.48,0.52871
ORD0092430,10.29,0.21322
ORD0092431,10.67,0.5574
ORD0092432,18.82,0.12012
ORD0092433,13.74,0.12968
ORD0092434,14.37,0.81177
ORD0092435,30.63,0.07726
ORD0092436,15.85,0.0152
ORD0092437,11.69,0.16282
ORD0092438,14.3,0.02739
ORD0092439,27.22,0.24376
ORD0092440,24.08,0.40935
ORD0092441,19.31,0.62093
ORD0092442,19.7,0.85308
ORD0092443,7.74,0.00067
ORD0092444,8.26,0.01846
ORD0092445,7.45,0.00139
ORD0092446,7.86,0.02193
ORD0092447,11.29,0.00075
ORD0092448,11.94,0.00469
ORD0092449,12.58,0.00636
ORD0092450,16.78,0.0131
ORD0092451,14.62,0.00144
ORD0092452,25.31,0.0637
ORD0092453,11.17,0.00099
ORD0092454,8.75,0.00566
ORD0092455,8.54,0.00288
ORD0092456,8.61,0.00101
ORD0092457,14.16,0.00084
ORD0092458,10.98,0.00043
ORD0092459,17.74,0.19213
ORD0092460,12.99,0.0622
ORD0092461,11.22,0.70735
ORD0092462,13.39,0.22838
ORD0092463,12.03,0.00224
ORD0092464,12.09,0.01279
ORD0092465,49.39,0.00454
ORD0092466,54.29,0.00356
ORD0092467,10.86,0.00063
ORD0092468,9.64,0.09713
ORD0092469,10.46,0.00411
ORD0092470,11.69,0.58873
ORD0092471,15.63,0.00059
ORD0092472,15.53,0.0006
ORD0092473,8.55,0.00736
ORD0092474,5.93,0.00288
ORD0092475,11.31,0.04206
ORD0092476,10.55,0.00981
ORD0092477,16.84,0.17111
ORD0092478,15.19,0.06382
ORD0092479,14.49,0.61265
ORD0092480,12.86,0.26014
ORD0092481,20.48,0.00409
ORD0092482,17.06,0.00151
ORD0092483,10.44,0.88244
ORD0092484,10.8,0.00089
ORD0092485,11.6,0.00163
ORD0092486,19.64,0.00751
ORD0092487,16.8,0.0038
ORD0092488,10.56,0.00152
ORD0092489,11.07,0.0012
ORD0092490,18.74,0.01319
ORD0092491,17.81,0.01513
ORD0092492,17.35,0.00196
ORD0092493,14.24,0.00145
ORD0092494,10.14,0.11097
ORD0092495,8.39,0.08092
ORD0092496,13.96,0.37481
ORD0092497,14.82,0.34384
ORD0092498,7.21,0.00182
ORD0092499,7.6,0.00241
ORD0092500,11.1,0.03709
ORD0092501,11.34,0.12722
ORD0092502,11.54,0.09493
ORD0092503,12.7,0.23234
ORD0092504,21.43,0.00401
ORD0092505,17.55,0.02919
ORD0092506,12.91,0.13704
ORD0092507,15.09,0.00998
ORD0092508,14.42,0.01978
ORD0092509,13.55,0.07637
ORD0092510,15.88,0.00475
ORD0092511,16.07,0.0044
ORD0092512,12.3,0.00808
ORD0092513,13.8,0.00684
ORD0092514,14.31,0.00496
ORD0092515,9.24,0.00431
ORD0092516,9.33,0.01655
ORD0092517,8.24,0.00869
ORD0092518,7.92,0.01037
ORD0092519,11.24,0.06627
ORD0092520,11.76,0.00356
ORD0092521,10.84,0.01655
ORD0092522,9.47,0.00347
ORD0092523,13.01,0.00694
ORD0092524,9.16,0.04435
ORD0092525,12.19,0.21293
ORD0092526,7.64,0.00374
ORD0092527,8.04,0.0825
ORD0092528,5.15,0.01005
ORD0092529,6.14,0.00901
ORD0092530,8.3,0.03364
ORD0092531,7.52,0.08909
ORD0092532,7.58,0.01819
ORD0092533,7.09,0.00274
ORD0092534,7.87,0.00029
ORD0092535,7.95,0.0152
ORD0092536,6.82,0.00052
ORD0092537,7.02,0.00061
ORD0092538,6.7,0.00019
ORD0092539,6.52,0.04017
ORD0092540,6.92,0.00042
ORD0092541,8.13,0.14987
ORD0092542,6.8,0.0007
ORD0092543,8.35,0.5237
ORD0092544,6.46,0.00092
ORD0092545,6.3,0.00044
ORD0092546,11.41,0.00086
ORD0092547,9.54,0.00091
ORD0092548,13.34,0.00127
ORD0092549,19.16,0.00053
ORD0092550,7.53,0.00135
ORD0092551,8.37,0.00199
ORD0092552,9.08,0.00331
ORD0092553,15.51,0.0025
ORD0092554,14.83,0.01325
ORD0092555,18.43,0.00222
ORD0092556,14.72,0.0163
ORD0092557,12.83,0.00646
ORD0092558,11.0,0.00225
ORD0092559,6.79,0.00209
ORD0092560,12.3,0.12322
ORD0092561,17.32,0.00411
ORD0092562,11.22,0.00338
ORD0092563,13.33,0.17265
ORD0092564,10.43,0.13347
ORD0092565,7.43,0.04201
ORD0092566,5.59,0.04724
ORD0092567,8.85,0.38211
ORD0092568,7.47,0.39978
ORD0092569,21.63,0.71355
ORD0092570,15.42,0.5629
ORD0092571,12.58,0.07068
ORD0092572,9.99,0.07571
ORD0092573,8.66,0.099
ORD0092574,8.36,0.15597
ORD0092575,15.58,0.10839
ORD0092576,14.49,0.11263
ORD0092577,11.44,0.20209
ORD0092578,8.98,0.19928
ORD0092579,13.89,0.00479
ORD0092580,8.91,0.00502
ORD0092581,13.54,0.02157
ORD0092582,31.3,0.02035
ORD0092583,12.77,0.2344
ORD0092584,8.03,0.0012
ORD0092585,8.24,0.00187
ORD0092586,7.96,0.00308
ORD0092587,11.68,0.00118
ORD0092588,10.96,0.01027
ORD0092589,11.47,0.00071
ORD0092590,9.68,0.00747
ORD0092591,11.55,0.00315
ORD0092592,12.43,0.00083
ORD0092593,18.71,0.01084
ORD0092594,24.37,0.04171
ORD0092595,21.68,0.01066
ORD0092596,12.95,0.00094
ORD0092597,9.4,0.00044
ORD0092598,12.32,0.00078
ORD0092599,16.8,0.18878
ORD0092600,9.86,0.03398
ORD0092601,11.77,0.65186
ORD0092602,9.95,0.51046
ORD0092603,11.85,0.00152
ORD0092604,14.14,0.00044
ORD0092605,10.74,0.00084
ORD0092606,16.88,0.97289
ORD0092607,10.62,0.00219
ORD0092608,10.14,0.00077
ORD0092609,11.58,0.00454
ORD0092610,18.29,0.00069
ORD0092611,9.1,0.00145
ORD0092612,6.97,0.00073
ORD0092613,12.7,0.00427
ORD0092614,16.61,0.01381
ORD0092615,12.24,0.05448
ORD0092616,13.11,0.0016
ORD0092617,22.65,0.00094
ORD0092618,18.66,0.00032
ORD0092619,10.96,0.24362
ORD0092620,10.63,0.00351
ORD0092621,11.33,0.00094
ORD0092622,57.57,0.00367
ORD0092623,37.55,0.21493
ORD0092624,30.79,0.00077
ORD0092625,16.36,0.00249
ORD0092626,15.3,0.00241
ORD0092627,13.87,0.00087
ORD0092628,11.38,0.00243
ORD0092629,17.51,0.01075
ORD0092630,15.93,0.01595
ORD0092631,13.49,0.00107
ORD0092632,11.07,0.08621
ORD0092633,11.77,0.49508
ORD0092634,8.91,0.00279
ORD0092635,51.99,0.00106
ORD0092636,9.77,0.04858
ORD0092637,12.67,0.02396
ORD0092638,11.77,0.08154
ORD0092639,10.37,0.06323
ORD0092640,30.22,0.00463
ORD0092641,19.1,0.00478
ORD0092642,12.99,0.1676
ORD0092643,13.44,0.0983
ORD0092644,18.63,0.01596
ORD0092645,18.69,0.00379
ORD0092646,16.81,0.02972
ORD0092647,10.84,0.01129
ORD0092648,17.79,0.00715
ORD0092649,10.76,0.01017
ORD0092650,13.53,0.00546
ORD0092651,9.85,0.02017
ORD0092652,8.73,0.00838
ORD0092653,15.27,0.21325
ORD0092654,11.75,0.0043
ORD0092655,11.58,0.00351
ORD0092656,9.88,0.02064
ORD0092657,8.04,0.00326
ORD0092658,8.8,0.06131
ORD0092659,7.22,0.01063
ORD0092660,5.57,0.02505
ORD0092661,7.95,0.01418
ORD0092662,9.14,0.10188
ORD0092663,8.42,0.22632
ORD0092664,8.32,0.03529
ORD0092665,8.69,0.00077
ORD0092666,7.93,0.00041
ORD0092667,9.43,0.00044
ORD0092668,8.02,0.00141
ORD0092669,8.46,0.00031
ORD0092670,7.79,0.00443
ORD0092671,8.41,0.00048
ORD0092672,8.44,0.00785
ORD0092673,8.68,0.00069
ORD0092674,9.49,0.03728
ORD0092675,7.85,0.00151
ORD0092676,7.5,0.00041
ORD0092677,7.66,0.00042
ORD0092678,11.57,0.00088
ORD0092679,9.18,0.00092
ORD0092680,17.2,0.00128
ORD0092681,18.6,0.00094
ORD0092682,9.42,0.0019
ORD0092683,14.7,0.00655
ORD0092684,7.78,0.0019
ORD0092685,27.87,0.00088
ORD0092686,44.4,0.00074
ORD0092687,15.59,0.00586
ORD0092688,19.39,0.04033
ORD0092689,12.67,0.03776
ORD0092690,18.65,0.17872
ORD0092691,12.66,0.00371
ORD0092692,8.59,0.00644
ORD0092693,15.14,0.71761
ORD0092694,16.97,0.19657
ORD0092695,12.93,0.00753
ORD0092696,11.51,0.04632
ORD0092697,13.76,0.35299
ORD0092698,10.57,0.08844
ORD0092699,7.62,0.0591
ORD0092700,7.06,0.04472
ORD0092701,11.81,0.54504
ORD0092702,10.49,0.12601
ORD0092703,18.76,0.90816
ORD0092704,14.95,0.36179
ORD0092705,15.72,0.15573
ORD0092706,11.18,0.16524
ORD0092707,10.12,0.11544
ORD0092708,9.85,0.20464
ORD0092709,9.1,0.19492
ORD0092710,17.31,0.10408
ORD0092711,12.09,0.10528
ORD0092712,14.3,0.20581
ORD0092713,11.03,0.19322
ORD0092714,13.63,0.0116
ORD0092715,10.94,0.10004
ORD0092716,13.89,0.06807
ORD0092717,16.06,0.28996
ORD0092718,33.18,0.3451
ORD0092719,17.44,0.66054
ORD0092720,18.35,0.72689
ORD0092721,25.21,0.00204
ORD0092722,9.89,0.00434
ORD0092723,9.96,0.00055
ORD0092724,10.27,0.06537
ORD0092725,9.23,0.00085
ORD0092726,13.35,0.04568
ORD0092727,12.15,0.00063
ORD0092728,16.07,0.00194
ORD0092729,13.28,0.01727
ORD0092730,16.77,0.00595
ORD0092731,16.32,0.00517
ORD0092732,17.61,0.01003
ORD0092733,23.02,0.09916
ORD0092734,21.9,0.0384
ORD0092735,10.68,0.00092
ORD0092736,10.71,0.00082
ORD0092737,12.71,0.00122
ORD0092738,13.09,0.01341
ORD0092739,14.02,0.00143
ORD0092740,13.85,0.00122
ORD0092741,17.86,0.3228
ORD0092742,17.75,0.62021
ORD0092743,15.69,0.8286
ORD0092744,19.29,0.00175
ORD0092745,14.13,0.00205
ORD0092746,16.19,0.00332
ORD0092747,23.17,0.98888
ORD0092748,49.98,0.02115
ORD0092749,51.49,0.57119
ORD0092750,60.27,0.00906
ORD0092751,65.71,0.01023
ORD0092752,31.28,0.00123
ORD0092753,44.09,0.00126
ORD0092754,12.34,0.00079
ORD0092755,11.94,0.0078
ORD0092756,12.78,0.00177
ORD0092757,11.91,0.01216
ORD0092758,25.46,0.00092
ORD0092759,17.49,0.00151
ORD0092760,11.6,0.00372
ORD0092761,14.97,0.02091
ORD0092762,21.04,0.14344
ORD0092763,17.92,0.15434
ORD0092764,15.81,0.42391
ORD0092765,19.53,0.00252
ORD0092766,14.5,0.00505
ORD0092767,15.67,0.74962
ORD0092768,13.95,0.00073
ORD0092769,15.72,0.00579
ORD0092770,25.62,0.0231
ORD0092771,15.94,0.00195
ORD0092772,12.92,0.00965
ORD0092773,23.94,0.0484
ORD0092774,22.16,0.19824
ORD0092775,18.84,0.00355
ORD0092776,15.22,0.00734
ORD0092777,17.1,0.48189
ORD0092778,21.59,0.92467
ORD0092779,18.75,0.72303
ORD0092780,11.06,0.00817
ORD0092781,9.7,0.06133
ORD0092782,13.06,0.04524
ORD0092783,14.38,0.01435
ORD0092784,14.77,0.10197
ORD0092785,13.8,0.02243
ORD0092786,26.81,0.0049
ORD0092787,23.08,0.00326
ORD0092788,18.13,0.25124
ORD0092789,14.45,0.08684
ORD0092790,18.9,0.01332
ORD0092791,17.03,0.0034
ORD0092792,17.42,0.02049
ORD0092793,14.23,0.01018
ORD0092794,22.48,0.08442
ORD0092795,17.21,0.01858
ORD0092796,14.73,0.13223
ORD0092797,16.04,0.04708
ORD0092798,17.0,0.04385
ORD0092799,13.27,0.01369
ORD0092800,12.69,0.58547
ORD0092801,11.77,0.09715
ORD0092802,10.83,0.05433
ORD0092803,11.93,0.02478
ORD0092804,15.34,0.01368
ORD0092805,15.65,0.00621
ORD0092806,12.52,0.00842
ORD0092807,17.25,0.00388
ORD0092808,9.48,0.00347
ORD0092809,14.3,0.23857
ORD0092810,7.55,0.00977
ORD0092811,8.85,0.10364
ORD0092812,11.2,0.01475
ORD0092813,11.15,0.25517
ORD0092814,10.07,0.048
ORD0092815,9.03,0.00082
ORD0092816,8.72,0.0005
ORD0092817,10.42,0.00046
ORD0092818,10.45,0.00045
ORD0092819,8.94,0.00133
ORD0092820,9.3,0.00082
ORD0092821,8.62,0.00043
ORD0092822,8.76,0.00045
ORD0092823,10.17,0.00644
ORD0092824,8.82,0.00157
ORD0092825,9.17,0.01068
ORD0092826,8.91,0.00374
ORD0092827,10.47,0.03164
ORD0092828,8.56,0.0085
ORD0092829,8.25,0.00044
ORD0092830,13.04,0.00091
ORD0092831,17.23,0.0009
ORD0092832,21.72,0.00089
ORD0092833,10.87,0.00106
ORD0092834,12.64,0.00311
ORD0092835,11.69,0.00146
ORD0092836,28.93,0.00137
ORD0092837,59.38,0.0037
ORD0092838,55.41,0.00874
ORD0092839,29.98,0.0085
ORD0092840,48.96,0.001
ORD0092841,36.34,0.00087
ORD0092842,19.45,0.00356
ORD0092843,14.26,0.00352
ORD0092844,16.4,0.01078
ORD0092845,18.82,0.00318
ORD0092846,18.31,0.06159
ORD0092847,13.55,0.00296
ORD0092848,17.65,0.42992
ORD0092849,18.73,0.01104
ORD0092850,14.58,0.00369
ORD0092851,19.43,0.20815
ORD0092852,9.02,0.04635
ORD0092853,14.21,0.5027
ORD0092854,12.41,0.03382
ORD0092855,24.02,0.79974
ORD0092856,13.81,0.06383
ORD0092857,16.19,0.09694
ORD0092858,10.93,0.01348
ORD0092859,12.07,0.22698
ORD0092860,13.55,0.13025
ORD0092861,12.5,0.34648
ORD0092862,12.49,0.63933
ORD0092863,18.44,0.08488
ORD0092864,14.11,0.12956
ORD0092865,12.17,0.21185
ORD0092866,13.41,0.0083
ORD0092867,14.42,0.0167
ORD0092868,16.47,0.0156
ORD0092869,37.55,0.02321
ORD0092870,35.91,0.01644
ORD0092871,17.54,0.08497
ORD0092872,17.65,0.06134
ORD0092873,10.73,0.13818
ORD0092874,10.16,0.00099
ORD0092875,14.13,0.86529
ORD0092876,9.1,0.00457
ORD0092877,15.23,0.87102
ORD0092878,12.58,0.00233
ORD0092879,13.54,0.00658
ORD0092880,14.49,0.04176
ORD0092881,17.47,0.03938
ORD0092882,14.72,0.01072
ORD0092883,23.78,0.38993
ORD0092884,30.91,0.83158
ORD0092885,22.96,0.41042
ORD0092886,17.04,0.00557
ORD0092887,14.92,0.00132
ORD0092888,11.91,0.00352
ORD0092889,11.62,0.01753
ORD0092890,13.4,0.00255
ORD0092891,15.29,0.0289
ORD0092892,18.93,0.96627
ORD0092893,20.58,0.02267
ORD0092894,16.68,0.00282
ORD0092895,20.44,0.13973
ORD0092896,60.01,0.00579
ORD0092897,45.93,0.00463
ORD0092898,13.1,0.0025
ORD0092899,12.4,0.00518
ORD0092900,16.14,0.00437
ORD0092901,25.73,0.0009
ORD0092902,10.05,0.01385
ORD0092903,9.39,0.00677
ORD0092904,14.43,0.11203
ORD0092905,15.26,0.03017
ORD0092906,21.76,0.74584
ORD0092907,22.79,0.30604
ORD0092908,19.99,0.01664
ORD0092909,27.41,0.005
ORD0092910,29.56,0.00172
ORD0092911,15.7,0.90478
ORD0092912,18.9,0.00522
ORD0092913,18.36,0.001
ORD0092914,37.05,0.02866
ORD0092915,16.41,0.00221
ORD0092916,19.55,0.10637
ORD0092917,18.99,0.00396
ORD0092918,18.22,0.00295
ORD0092919,18.58,0.55226
ORD0092920,11.58,0.01297
ORD0092921,20.4,0.92388
ORD0092922,12.34,0.01138
ORD0092923,11.68,0.00726
ORD0092924,11.5,0.13868
ORD0092925,19.6,0.29893
ORD0092926,26.57,0.00671
ORD0092927,21.66,0.74369
ORD0092928,14.81,0.00764
ORD0092929,19.27,0.01648
ORD0092930,20.08,0.00558
ORD0092931,17.22,0.06334
ORD0092932,54.16,0.03483
ORD0092933,49.24,0.00969
ORD0092934,20.68,0.00692
ORD0092935,16.49,0.01495
ORD0092936,14.47,0.00199
ORD0092937,18.89,0.005
ORD0092938,13.63,0.02473
ORD0092939,11.89,0.00326
ORD0092940,43.65,0.00992
ORD0092941,11.17,0.00283
ORD0092942,12.39,0.0392
ORD0092943,21.2,0.00193
ORD0092944,20.58,0.01466
ORD0092945,15.01,0.00516
ORD0092946,12.14,0.00457
ORD0092947,14.01,0.0072
ORD0092948,11.34,0.01824
ORD0092949,23.95,0.0029
ORD0092950,61.34,0.00363
ORD0092951,8.05,0.02214
ORD0092952,11.16,0.12913
ORD0092953,11.59,0.03233
ORD0092954,9.93,0.21279
ORD0092955,8.86,0.00025
ORD0092956,8.59,0.00062
ORD0092957,10.15,0.00037
ORD0092958,10.14,0.00043
ORD0092959,11.2,0.0006
ORD0092960,9.13,0.00027
ORD0092961,8.4,0.00042
ORD0092962,8.44,0.001
ORD0092963,9.19,0.00068
ORD0092964,8.01,0.00285
ORD0092965,8.96,0.00217
ORD0092966,7.81,0.00075
ORD0092967,8.14,0.00052
ORD0092968,14.41,0.00117
ORD0092969,14.98,0.26834
ORD0092970,22.83,0.00108
ORD0092971,23.54,0.115
ORD0092972,10.52,0.00148
ORD0092973,11.58,0.88714
ORD0092974,14.93,0.00346
ORD0092975,18.87,0.01112
ORD0092976,16.87,0.12313
ORD0092977,15.02,0.00924
ORD0092978,20.3,0.11192
ORD0092979,16.79,0.71671
ORD0092980,13.73,0.00313
ORD0092981,19.47,0.74794
ORD0092982,15.88,0.00619
ORD0092983,14.84,0.07385
ORD0092984,20.19,0.44073
ORD0092985,12.94,0.49836
ORD0092986,12.37,0.06497
ORD0092987,12.81,0.778
ORD0092988,24.0,0.96352
ORD0092989,18.67,0.80858
ORD0092990,13.61,0.21411
ORD0092991,11.23,0.08414
ORD0092992,11.81,0.14293
ORD0092993,10.21,0.30073
ORD0092994,21.96,0.1426
ORD0092995,14.91,0.14562
ORD0092996,14.85,0.25211
ORD0092997,17.4,0.01967
ORD0092998,11.84,0.00434
ORD0092999,18.0,0.07061
ORD0093000,17.33,0.01668
ORD0093001,33.78,0.30884
ORD0093002,28.92,0.06026
ORD0093003,21.88,0.7662
ORD0093004,23.57,0.30306
ORD0093005,8.6,0.00132
ORD0093006,8.91,0.00383
ORD0093007,8.8,0.00204
ORD0093008,12.15,0.00194
ORD0093009,8.88,0.0014
ORD0093010,13.57,0.03498
ORD0093011,8.83,0.00088
ORD0093012,15.39,0.00224
ORD0093013,13.95,0.00331
ORD0093014,19.98,0.00439
ORD0093015,14.11,0.01633
ORD0093016,25.59,0.01044
ORD0093017,17.13,0.06326
ORD0093018,13.94,0.00059
ORD0093019,12.46,0.01908
ORD0093021,12.5,0.00594
ORD0093023,17.83,0.08239
ORD0093024,14.66,0.42645
ORD0093025,8.32,0.00297
ORD0093026,16.44,0.00113
ORD0093027,15.89,0.00141
ORD0093028,21.45,0.80356
ORD0093030,11.13,0.00308
ORD0093031,12.46,0.00243
ORD0093032,10.73,0.00302
ORD0093033,18.34,0.00347
ORD0093034,16.27,0.0015
ORD0093035,9.09,0.02044
ORD0093036,16.95,0.0327
ORD0093037,11.59,0.0059
ORD0093038,12.75,0.02621
ORD0093039,19.32,0.39001
ORD0093040,16.98,0.81732
ORD0093041,19.2,0.00931
ORD0093042,25.75,0.00953
ORD0093043,29.42,0.00223
ORD0093044,13.81,0.97228
ORD0093045,14.6,0.01421
ORD0093046,13.39,0.0008
ORD0093047,14.64,0.00113
ORD0093048,86.04,0.00188
ORD0093049,49.26,0.00245
ORD0093050,22.91,0.01657
ORD0093051,19.49,0.0036
ORD0093052,16.45,0.0026
ORD0093053,12.63,0.00228
ORD0093054,21.95,0.23188
ORD0093055,15.65,0.0033
ORD0093056,15.5,0.75065
ORD0093057,10.18,0.02776
ORD0093058,16.79,0.93115
ORD0093059,14.46,0.06972
ORD0093060,9.93,0.0244
ORD0093061,11.42,0.00559
ORD0093062,11.33,0.1256
ORD0093063,15.61,0.2306
ORD0093064,22.32,0.00645
ORD0093065,21.75,0.11039
ORD0093066,18.99,0.71437
ORD0093067,20.26,0.01055
ORD0093068,20.37,0.08207
ORD0093069,18.29,0.41253
ORD0093070,23.04,0.12266
ORD0093071,20.71,0.01126
ORD0093072,15.88,0.28822
ORD0093073,16.91,0.01826
ORD0093074,15.73,0.05088
ORD0093075,11.32,0.01046
ORD0093076,14.12,0.67287
ORD0093077,9.98,0.0033
ORD0093078,9.22,0.02069
ORD0093079,16.27,0.00195
ORD0093080,18.69,0.00721
ORD0093081,12.4,0.00494
ORD0093082,9.14,0.00819
ORD0093083,9.44,0.07892
ORD0093084,10.07,0.02854
ORD0093085,10.1,0.23171
ORD0093086,24.61,0.00445
ORD0093087,7.33,0.01152
ORD0093088,12.36,0.02587
ORD0093089,13.94,0.04433
ORD0093090,9.12,0.1425
ORD0093091,9.04,0.23406
ORD0093092,9.02,0.00251
ORD0093093,8.96,0.00479
ORD0093094,9.81,0.00053
ORD0093095,9.72,0.00053
ORD0093096,10.53,0.00544
ORD0093097,8.73,0.01557
ORD0093098,7.94,0.00026
ORD0093099,7.54,0.00092
ORD0093100,9.72,0.02273
ORD0093101,9.08,0.19247
ORD0093102,9.29,0.06359
ORD0093103,10.65,0.61543
ORD0093104,7.93,0.0013
ORD0093105,8.76,0.00275
ORD0093106,13.72,0.00919
ORD0093107,20.21,0.00344
ORD0093108,10.8,0.0799
ORD0093109,11.83,0.00044
ORD0093110,15.59,0.39198
ORD0093111,9.68,0.00054
ORD0093112,21.59,0.00345
ORD0093113,18.48,0.00296
ORD0093114,15.86,0.0052
ORD0093115,16.92,0.0116
ORD0093116,20.87,0.02877
ORD0093117,17.58,0.07419
ORD0093118,11.14,0.00271
ORD0093119,8.92,0.00211
ORD0093120,16.87,0.28543
ORD0093121,19.01,0.23904
ORD0093122,13.49,0.00436
ORD0093123,16.04,0.00387
ORD0093124,28.77,0.00129
ORD0093125,15.16,0.2357
ORD0093126,11.93,0.3776
ORD0093127,8.6,0.05078
ORD0093128,7.83,0.06895
ORD0093129,16.08,0.56268
ORD0093130,12.16,0.66414
ORD0093131,25.5,0.8405
ORD0093132,17.44,0.09179
ORD0093133,16.24,0.16656
ORD0093134,25.29,0.0107
ORD0093135,13.28,0.24478
ORD0093136,10.91,0.25733
ORD0093137,10.67,0.39484
ORD0093138,21.97,0.09955
ORD0093139,15.55,0.13434
ORD0093140,17.29,0.1765
ORD0093141,14.84,0.01298
ORD0093142,14.05,0.07917
ORD0093143,14.4,0.00125
ORD0093144,42.46,0.57854
ORD0093145,28.79,0.00254
ORD0093146,19.78,0.87991
ORD0093147,8.29,0.00104
ORD0093148,9.69,0.00288
ORD0093149,11.55,0.00117
ORD0093150,14.7,0.00672
ORD0093151,14.69,0.0137
ORD0093152,19.67,0.03206
ORD0093153,26.1,0.00817
ORD0093154,19.9,0.28499
ORD0093155,19.15,0.24476
ORD0093156,11.94,0.00237
ORD0093157,13.13,0.00148
ORD0093158,8.98,0.00285
ORD0093159,11.81,0.00157
ORD0093160,15.23,0.00234
ORD0093161,17.45,0.82568
ORD0093162,14.65,0.0371
ORD0093163,13.21,0.0181
ORD0093164,13.97,0.17891
ORD0093165,15.81,0.00587
ORD0093166,14.11,0.05729
ORD0093167,18.96,0.79139
ORD0093168,11.15,0.21015
ORD0093169,11.1,0.00287
ORD0093170,13.4,0.73764
ORD0093171,18.6,0.00059
ORD0093172,17.44,0.00177
ORD0093173,12.48,0.00186
ORD0093174,11.89,0.00517
ORD0093175,11.82,0.00745
ORD0093176,17.36,0.03982
ORD0093177,13.45,0.02625
ORD0093178,12.58,0.07229
ORD0093179,15.77,0.1382
ORD0093180,25.89,0.00144
ORD0093181,11.3,0.45862
ORD0093182,12.34,0.69935
ORD0093183,12.91,0.03433
ORD0093184,23.9,0.01461
ORD0093185,16.3,0.00385
ORD0093186,13.22,0.0027
ORD0093187,21.69,0.11864
ORD0093188,17.74,0.0218
ORD0093189,16.9,0.00293
ORD0093190,14.19,0.00195
ORD0093191,14.78,0.5651
ORD0093192,10.17,0.08276
ORD0093193,17.41,0.90614
ORD0093194,15.01,0.40374
ORD0093195,9.16,0.03156
ORD0093196,25.22,0.00163
ORD0093197,24.46,0.00478
ORD0093198,11.54,0.06016
ORD0093199,11.81,0.04691
ORD0093200,13.64,0.27075
ORD0093201,11.06,0.1402
ORD0093202,22.94,0.00746
ORD0093203,13.61,0.57395
ORD0093204,17.31,0.3972
ORD0093205,17.52,0.02029
ORD0093206,17.38,0.02953
ORD0093207,14.21,0.05888
ORD0093208,19.25,0.0056
ORD0093209,16.45,0.164
ORD0093210,12.55,0.01221
ORD0093211,16.55,0.00509
ORD0093212,10.28,0.07179
ORD0093213,9.34,0.01746
ORD0093214,11.78,0.4395
ORD0093215,11.47,0.011
ORD0093216,18.78,0.00563
ORD0093217,13.52,0.08011
ORD0093218,10.68,0.02998
ORD0093219,7.86,0.06347
ORD0093220,10.94,0.13815
ORD0093221,8.34,0.19538
ORD0093222,7.87,0.00919
ORD0093223,6.39,0.01617
ORD0093224,12.7,0.01262
ORD0093225,9.82,0.03125
ORD0093226,8.14,0.03966
ORD0093227,8.41,0.16521
ORD0093228,8.44,0.00056
ORD0093229,10.53,0.107
ORD0093230,10.52,0.00038
ORD0093231,8.94,0.00061
ORD0093232,9.36,0.00077
ORD0093233,8.82,0.00038
ORD0093234,7.84,0.00057
ORD0093235,8.56,0.00101
ORD0093236,8.99,0.00209
ORD0093237,8.78,0.00306
ORD0093238,8.14,0.001
ORD0093239,7.87,0.00049
ORD0093240,11.46,0.00115
ORD0093241,23.53,0.00078
ORD0093242,20.15,0.00217
ORD0093243,10.54,0.00273
ORD0093244,10.05,0.00852
ORD0093245,10.89,0.00563
ORD0093246,9.73,0.04621
ORD0093247,18.63,0.00393
ORD0093248,16.55,0.00702
ORD0093249,19.79,0.01034
ORD0093250,20.9,0.05707
ORD0093251,17.16,0.02513
ORD0093252,12.09,0.00277
ORD0093253,8.67,0.00257
ORD0093254,17.42,0.36821
ORD0093255,13.82,0.00321
ORD0093256,12.2,0.00512
ORD0093257,70.11,0.00124
ORD0093258,19.98,0.14331
ORD0093259,11.68,0.05378
ORD0093260,8.28,0.10227
ORD0093261,12.35,0.51117
ORD0093262,20.05,0.79045
ORD0093263,12.05,0.07593
ORD0093264,14.05,0.23922
ORD0093265,11.48,0.46644
ORD0093266,11.98,0.39379
ORD0093267,11.95,0.62871
ORD0093268,10.3,0.20579
ORD0093269,15.58,0.27183
ORD0093270,15.87,0.4587
ORD0093271,11.19,0.72131
ORD0093272,50.33,0.13657
ORD0093273,16.53,0.0028
ORD0093274,12.91,0.00569
ORD0093275,16.3,0.00844
ORD0093276,39.26,0.01869
ORD0093277,36.74,0.00824
ORD0093278,19.72,0.04419
ORD0093279,20.59,0.04496
ORD0093280,7.96,0.00073
ORD0093281,9.04,0.30176
ORD0093282,7.74,0.00228
ORD0093283,8.41,0.40399
ORD0093284,10.9,0.00133
ORD0093285,11.59,0.00457
ORD0093286,11.47,0.0022
ORD0093287,16.98,0.00612
ORD0093288,16.51,0.00149
ORD0093289,19.21,0.02079
ORD0093290,13.14,0.00053
ORD0093291,8.14,0.00059
ORD0093292,8.61,0.00298
ORD0093293,14.49,0.00127
ORD0093294,14.78,0.00096
ORD0093295,12.55,0.00517
ORD0093296,14.34,0.24468
ORD0093297,7.8,0.00158
ORD0093298,10.05,0.01132
ORD0093299,8.04,0.00622
ORD0093300,13.12,0.00096
ORD0093301,14.19,0.07526
ORD0093302,56.04,0.00094
ORD0093303,9.12,0.0009
ORD0093304,9.05,0.00093
ORD0093305,11.01,0.00153
ORD0093306,9.25,0.00186
ORD0093307,16.15,0.00054
ORD0093308,11.92,0.00031
ORD0093309,8.15,0.00517
ORD0093310,6.77,0.00344
ORD0093311,11.37,0.02087
ORD0093312,9.38,0.0206
ORD0093313,14.33,0.07329
ORD0093314,16.2,0.11535
ORD0093315,13.95,0.30694
ORD0093316,13.42,0.45457
ORD0093317,24.47,0.00448
ORD0093318,19.65,0.00113
ORD0093319,10.73,0.66486
ORD0093320,12.96,0.00087
ORD0093321,12.73,0.00072
ORD0093322,25.01,0.01548
ORD0093323,17.98,0.02345
ORD0093324,10.77,0.00165
ORD0093325,11.33,0.0025
ORD0093326,21.59,0.0417
ORD0093327,17.75,0.10123
ORD0093328,14.49,0.00211
ORD0093329,12.6,0.00335
ORD0093330,10.74,0.1272
ORD0093331,10.89,0.27712
ORD0093332,14.15,0.37514
ORD0093333,13.69,0.71893
ORD0093334,7.24,0.00704
ORD0093335,8.79,0.01815
ORD0093336,10.93,0.01287
ORD0093337,10.87,0.18333
ORD0093338,11.54,0.01831
ORD0093339,12.22,0.40314
ORD0093340,29.39,0.00314
ORD0093341,20.06,0.0416
ORD0093342,12.03,0.08168
ORD0093343,16.38,0.00336
ORD0093344,13.31,0.00851
ORD0093345,14.33,0.0873
ORD0093346,14.64,0.01902
ORD0093347,16.67,0.00409
ORD0093348,15.17,0.04568
ORD0093349,12.92,0.01046
ORD0093350,10.01,0.01418
ORD0093351,9.22,0.00407
ORD0093352,11.09,0.12671
ORD0093353,9.34,0.0132
ORD0093354,23.04,0.00185
ORD0093355,10.38,0.01816
ORD0093356,10.75,0.01221
ORD0093357,13.27,0.67245
ORD0093358,14.08,0.00338
ORD0093359,9.56,0.01509
ORD0093360,10.1,0.00328
ORD0093361,8.01,0.07699
ORD0093362,8.54,0.19178
ORD0093363,10.08,0.22832
ORD0093364,8.25,0.02643
ORD0093365,5.92,0.07455
ORD0093366,6.42,0.07991
ORD0093367,10.35,0.1437
ORD0093368,8.92,0.32355
ORD0093369,8.12,0.17404
ORD0093370,7.51,0.00133
ORD0093371,8.18,0.00048
ORD0093372,7.4,0.00333
ORD0093373,7.65,0.0006
ORD0093374,6.18,0.00042
ORD0093375,6.48,0.00017
ORD0093376,6.88,0.01215
ORD0093377,6.62,0.0005
ORD0093378,7.52,0.02919
ORD0093379,7.08,0.00079
ORD0093380,7.96,0.15026
ORD0093381,6.56,0.00072
ORD0093382,6.28,0.00035
ORD0093383,9.65,0.0015
ORD0093384,10.18,0.00117
ORD0093385,18.94,0.00161
ORD0093386,18.45,0.00052
ORD0093387,8.63,0.00312
ORD0093388,7.6,0.00274
ORD0093389,9.8,0.00725
ORD0093390,18.04,0.00354
ORD0093391,16.74,0.03254
ORD0093392,15.46,0.0013
ORD0093393,14.04,0.03997
ORD0093394,13.23,0.00741
ORD0093395,10.1,0.00257
ORD0093396,6.66,0.00278
ORD0093397,12.69,0.20614
ORD0093398,16.55,0.01604
ORD0093399,11.54,0.00412
ORD0093400,11.27,0.07016
ORD0093401,11.78,0.12625
ORD0093402,5.8,0.02658
ORD0093403,5.79,0.0446
ORD0093404,9.21,0.14778
ORD0093405,7.59,0.32187
ORD0093406,17.73,0.48097
ORD0093407,13.14,0.4426
ORD0093408,9.86,0.05056
ORD0093409,8.33,0.06894
ORD0093410,9.62,0.1987
ORD0093411,9.2,0.36084
ORD0093412,16.55,0.07623
ORD0093413,11.44,0.50786
ORD0093414,10.53,0.09752
ORD0093415,9.22,0.73813
ORD0093416,13.23,0.00298
ORD0093417,8.59,0.00328
ORD0093418,9.82,0.00564
ORD0093419,30.59,0.0147
ORD0093420,13.78,0.03733
ORD0093421,11.37,0.00053
ORD0093422,13.12,0.00062
ORD0093423,11.31,0.0007
ORD0093424,15.7,0.00055
ORD0093425,14.76,0.0007
ORD0093426,18.25,0.00567
ORD0093427,14.41,0.01276
ORD0093428,18.14,0.00558
ORD0093429,16.75,0.0011
ORD0093430,21.53,0.01291
ORD0093431,32.94,0.03734
ORD0093432,21.83,0.00393
ORD0093433,16.45,0.00095
ORD0093434,12.64,0.00131
ORD0093435,18.82,0.00087
ORD0093436,18.13,0.02653
ORD0093437,16.22,0.03096
ORD0093438,18.98,0.30419
ORD0093439,16.34,0.20549
ORD0093440,22.77,0.00207
ORD0093441,18.1,0.00033
ORD0093442,18.84,0.07158
ORD0093443,19.14,0.78575
ORD0093444,14.72,0.00496
ORD0093445,14.03,0.00064
ORD0093446,14.85,0.01064
ORD0093447,20.35,0.00108
ORD0093448,13.97,0.00341
ORD0093449,10.93,0.00105
ORD0093450,14.05,0.02384
ORD0093451,19.08,0.01318
ORD0093452,17.74,0.05187
ORD0093453,18.54,0.00147
ORD0093454,29.85,0.00158
ORD0093455,31.49,0.00029
ORD0093456,15.47,0.12624
ORD0093457,15.08,0.00251
ORD0093458,18.36,0.00085
ORD0093459,73.53,0.01664
ORD0093460,90.52,0.00649
ORD0093461,27.93,0.0012
ORD0093462,32.49,0.02103
ORD0093463,23.91,0.05715
ORD0093464,17.52,0.00185
ORD0093465,14.77,0.01397
ORD0093466,23.47,0.07293
ORD0093467,24.37,0.27426
ORD0093468,18.52,0.00312
ORD0093469,18.57,0.34905
ORD0093470,15.87,0.65163
ORD0093471,12.04,0.01076
ORD0093472,56.52,0.00182
ORD0093473,14.45,0.1319
ORD0093474,18.04,0.03493
ORD0093475,15.5,0.20504
ORD0093476,15.31,0.0515
ORD0093477,39.64,0.00459
ORD0093478,23.17,0.00463
ORD0093479,16.87,0.3593
ORD0093480,16.57,0.17542
ORD0093481,22.95,0.01511
ORD0093482,26.88,0.00307
ORD0093483,16.58,0.06773
ORD0093484,14.63,0.0211
ORD0093485,23.14,0.01149
ORD0093486,16.37,0.01409
ORD0093487,17.72,0.0079
ORD0093488,13.35,0.04573
ORD0093489,13.01,0.037
ORD0093490,16.97,0.15947
ORD0093491,16.85,0.01733
ORD0093492,16.18,0.00584
ORD0093493,16.44,0.12137
ORD0093494,11.28,0.00894
ORD0093495,13.55,0.36883
ORD0093496,10.63,0.02332
ORD0093497,11.07,0.07265
ORD0093498,9.39,0.10286
ORD0093499,13.67,0.127
ORD0093500,13.05,0.4384
ORD0093501,11.74,0.18278
ORD0093502,12.09,0.0005
ORD0093503,11.64,0.0026
ORD0093504,12.9,0.00147
ORD0093505,11.73,0.00054
ORD0093506,11.77,0.00025
ORD0093507,13.23,0.00064
ORD0093508,12.48,0.00673
ORD0093509,11.76,0.00113
ORD0093510,12.49,0.02276
ORD0093511,11.96,0.00242
ORD0093512,12.41,0.17355
ORD0093513,11.16,0.00876
ORD0093514,11.84,0.001
ORD0093515,16.48,0.00134
ORD0093516,18.04,0.67074
ORD0093517,23.98,0.00098
ORD0093518,21.87,0.62805
ORD0093519,12.34,0.0026
ORD0093520,14.43,0.00539
ORD0093521,14.23,0.95456
ORD0093522,32.32,0.00086
ORD0093523,95.42,0.12089
ORD0093524,66.17,0.00122
ORD0093525,24.96,0.0076
ORD0093526,21.04,0.0089
ORD0093527,17.42,0.00209
ORD0093528,20.06,0.03086
ORD0093529,14.94,0.00182
ORD0093530,12.52,0.00189
ORD0093531,18.55,0.19195
ORD0093532,19.23,0.00763
ORD0093533,14.69,0.00442
ORD0093534,18.72,0.002
ORD0093535,19.26,0.10617
ORD0093536,14.89,0.04284
ORD0093537,11.66,0.02339
ORD0093538,10.49,0.02042
ORD0093539,14.76,0.3103
ORD0093540,13.08,0.08256
ORD0093541,20.78,0.51124
ORD0093542,18.65,0.25701
ORD0093543,17.87,0.05497
ORD0093544,13.44,0.1259
ORD0093545,17.95,0.8842
ORD0093546,12.89,0.22709
ORD0093547,13.04,0.09206
ORD0093548,21.81,0.24767
ORD0093549,22.25,0.60197
ORD0093550,17.06,0.34252
ORD0093551,13.58,0.21586
ORD0093552,20.15,0.00731
ORD0093553,14.97,0.00354
ORD0093554,15.64,0.01967
ORD0093555,17.68,0.01
ORD0093556,66.74,0.0959
ORD0093557,21.44,0.36097
ORD0093558,21.72,0.00981
ORD0093559,39.43,0.00409
ORD0093560,11.01,0.00063
ORD0093561,11.63,0.01457
ORD0093562,12.88,0.0015
ORD0093563,11.28,0.2592
ORD0093564,14.19,0.00065
ORD0093565,14.25,0.13053
ORD0093566,13.96,0.02097
ORD0093567,16.59,0.00341
ORD0093568,19.42,0.00459
ORD0093569,13.6,0.00751
ORD0093570,22.58,0.00766
ORD0093571,23.31,0.10755
ORD0093572,25.25,0.04334
ORD0093573,17.56,0.00097
ORD0093574,14.02,0.00103
ORD0093575,15.26,0.01603
ORD0093576,14.43,0.01921
ORD0093577,16.47,0.00409
ORD0093578,14.94,0.00119
ORD0093579,22.04,0.26168
ORD0093580,22.51,0.51145
ORD0093581,15.91,0.39287
ORD0093582,19.8,0.00117
ORD0093583,15.51,0.00244
ORD0093584,25.29,0.8448
ORD0093585,26.16,0.81162
ORD0093586,81.06,0.03566
ORD0093587,93.95,0.29116
ORD0093588,51.76,0.00615
ORD0093589,50.89,0.00889
ORD0093590,33.65,0.00165
ORD0093591,57.33,0.00186
ORD0093592,14.07,0.00169
ORD0093593,13.05,0.00198
ORD0093594,17.38,0.0078
ORD0093595,15.23,0.00584
ORD0093596,25.18,0.00294
ORD0093597,22.15,0.00069
ORD0093598,12.59,0.01549
ORD0093599,15.67,0.02417
ORD0093600,19.13,0.12383
ORD0093601,23.26,0.01998
ORD0093602,19.4,0.23378
ORD0093603,34.02,0.01235
ORD0093604,19.62,0.72589
ORD0093605,16.89,0.10344
ORD0093606,17.14,0.00101
ORD0093607,18.71,0.00199
ORD0093608,30.46,0.27041
ORD0093609,18.45,0.00626
ORD0093610,14.05,0.00196
ORD0093611,28.81,0.82437
ORD0093612,25.59,0.02136
ORD0093613,20.06,0.02292
ORD0093614,21.32,0.00197
ORD0093615,21.43,0.98692
ORD0093616,23.75,0.98958
ORD0093617,18.23,0.06317
ORD0093618,13.46,0.10549
ORD0093619,11.19,0.00528
ORD0093620,14.96,0.04388
ORD0093621,16.0,0.03378
ORD0093622,18.21,0.13602
ORD0093623,18.24,0.09912
ORD0093624,30.6,0.00535
ORD0093625,28.07,0.00431
ORD0093626,22.43,0.43693
ORD0093627,19.4,0.30784
ORD0093628,24.6,0.00885
ORD0093629,21.55,0.00441
ORD0093630,19.58,0.02129
ORD0093631,17.21,0.02305
ORD0093632,21.25,0.0785
ORD0093633,19.47,0.02858
ORD0093634,20.38,0.22374
ORD0093635,19.76,0.06292
ORD0093636,16.93,0.03517
ORD0093637,15.88,0.01526
ORD0093638,17.6,0.73866
ORD0093639,14.34,0.22492
ORD0093640,11.92,0.08579
ORD0093641,13.96,0.04456
ORD0093642,15.91,0.00218
ORD0093643,17.77,0.01495
ORD0093644,16.35,0.034
ORD0093645,18.98,0.0063
ORD0093646,15.02,0.44654
ORD0093647,15.9,0.92101
ORD0093648,16.64,0.01598
ORD0093649,9.68,0.00782
ORD0093650,12.58,0.03655
ORD0093651,13.68,0.0123
ORD0093652,11.48,0.14646
ORD0093653,10.81,0.00161
ORD0093654,10.79,0.00069
ORD0093655,13.12,0.00046
ORD0093656,12.46,0.00046
ORD0093657,11.67,0.00037
ORD0093658,10.67,0.00125
ORD0093659,13.75,0.00024
ORD0093660,10.05,0.0005
ORD0093661,12.05,0.00049
ORD0093662,10.45,0.00233
ORD0093663,11.14,0.00056
ORD0093664,10.84,0.00728
ORD0093665,10.94,0.00071
ORD0093666,10.16,0.01439
ORD0093667,10.14,0.00079
ORD0093668,19.46,0.00118
ORD0093669,17.95,0.00238
ORD0093670,25.81,0.00098
ORD0093671,12.47,0.00186
ORD0093672,15.58,0.00424
ORD0093673,13.39,0.00722
ORD0093674,30.41,0.00173
ORD0093675,58.51,0.01038
ORD0093676,52.17,0.011
ORD0093677,40.74,0.00115
ORD0093678,58.96,0.00117
ORD0093679,39.01,0.00101
ORD0093680,56.25,0.00179
ORD0093681,22.34,0.00542
ORD0093682,14.53,0.00281
ORD0093683,32.27,0.03225
ORD0093684,28.56,0.00344
ORD0093685,25.39,0.31614
ORD0093686,19.77,0.00307
ORD0093687,21.23,0.89636
ORD0093688,20.44,0.01923
ORD0093689,17.94,0.00493
ORD0093690,22.31,0.08922
ORD0093691,11.22,0.02793
ORD0093692,13.44,0.26387
ORD0093693,13.19,0.02875
ORD0093694,27.41,0.60683
ORD0093695,18.24,0.05021
ORD0093696,21.2,0.05238
ORD0093697,15.2,0.00744
ORD0093698,14.62,0.0923
ORD0093699,15.65,0.53644
ORD0093700,14.95,0.1871
ORD0093701,12.76,0.0846
ORD0093702,21.72,0.21695
ORD0093703,18.29,0.31378
ORD0093704,15.77,0.85347
ORD0093705,19.11,0.00575
ORD0093706,17.34,0.00661
ORD0093707,18.19,0.00187
ORD0093708,46.0,0.01594
ORD0093709,51.41,0.00438
ORD0093710,23.75,0.07496
ORD0093711,23.8,0.00492
ORD0093712,11.69,0.00067
ORD0093713,11.76,0.00071
ORD0093714,11.54,0.00167
ORD0093715,11.19,0.00338
ORD0093716,15.13,0.00077
ORD0093717,15.4,0.00121
ORD0093718,19.08,0.0105
ORD0093719,16.32,0.03748
ORD0093720,23.55,0.00152
ORD0093721,21.11,0.00706
ORD0093722,31.05,0.003
ORD0093723,35.5,0.00763
ORD0093724,27.49,0.581
ORD0093725,19.77,0.00123
ORD0093726,14.64,0.00136
ORD0093727,17.29,0.00753
ORD0093728,17.46,0.02521
ORD0093729,21.01,0.00192
ORD0093730,25.42,0.09537
ORD0093731,19.42,0.49582
ORD0093732,23.01,0.00116
ORD0093733,21.94,0.00264
ORD0093734,26.27,0.78209
ORD0093735,114.82,0.00933
ORD0093736,61.79,0.00721
ORD0093737,98.51,0.01601
ORD0093738,15.72,0.0023
ORD0093739,18.33,0.00792
ORD0093740,14.38,0.0017
ORD0093741,29.6,0.00068
ORD0093742,23.32,0.05426
ORD0093743,12.76,0.00482
ORD0093744,17.34,0.27467
ORD0093745,18.01,0.02044
ORD0093746,20.91,0.00058
ORD0093747,22.76,0.11101
ORD0093748,26.51,0.00399
ORD0093749,46.58,0.00057
ORD0093750,42.18,0.00181
ORD0093751,19.06,0.72822
ORD0093752,20.92,0.00212
ORD0093753,19.59,0.00087
ORD0093754,122.55,0.00127
ORD0093755,65.04,0.00213
ORD0093756,41.46,0.04017
ORD0093757,20.59,0.0029
ORD0093758,28.22,0.31702
ORD0093759,23.4,0.00453
ORD0093760,25.77,0.02048
ORD0093761,21.32,0.87587
ORD0093762,15.18,0.17664
ORD0093763,17.4,0.7904
ORD0093764,14.57,0.02691
ORD0093765,16.31,0.06131
ORD0093766,19.66,0.14715
ORD0093767,22.15,0.41029
ORD0093768,29.6,0.00567
ORD0093769,22.71,0.80321
ORD0093770,18.84,0.00512
ORD0093771,24.31,0.01376
ORD0093772,30.23,0.00444
ORD0093773,19.8,0.07357
ORD0093774,60.96,0.04397
ORD0093775,54.41,0.00618
ORD0093776,24.8,0.00976
ORD0093777,21.76,0.01738
ORD0093778,20.47,0.00198
ORD0093779,21.44,0.00674
ORD0093780,17.65,0.09384
ORD0093781,15.07,0.00414
ORD0093782,52.75,0.00418
ORD0093783,16.0,0.00305
ORD0093784,17.37,0.065
ORD0093785,23.5,0.00277
ORD0093786,18.38,0.0146
ORD0093787,15.91,0.00573
ORD0093788,17.73,0.00482
ORD0093789,13.06,0.00823
ORD0093790,16.57,0.02064
ORD0093791,31.82,0.00443
ORD0093792,46.63,0.00418
ORD0093793,33.61,0.00181
ORD0093794,12.96,0.00872
ORD0093795,16.57,0.01691
ORD0093796,16.85,0.76405
ORD0093797,13.77,0.07911
ORD0093798,14.33,0.00031
ORD0093799,11.22,0.00222
ORD0093800,12.29,0.00792
ORD0093801,12.61,0.00074
ORD0093802,12.7,0.00026
ORD0093803,11.32,0.04837
ORD0093804,17.01,0.83479
ORD0093805,10.96,0.00279
ORD0093806,13.35,0.00028
ORD0093807,11.07,0.0003
ORD0093808,10.1,0.00773
ORD0093809,13.97,0.34346
ORD0093810,10.3,0.00094
ORD0093811,15.75,0.0052
ORD0093812,18.02,0.00124
ORD0093813,25.26,0.00285
ORD0093814,24.72,0.0012
ORD0093815,16.16,0.03046
ORD0093816,16.67,0.0027
ORD0093817,20.78,0.39167
ORD0093818,22.93,0.00961
ORD0093819,18.68,0.00483
ORD0093820,29.01,0.01032
ORD0093821,23.76,0.0906
ORD0093822,20.13,0.00672
ORD0093823,19.06,0.00191
ORD0093824,22.16,0.65457
ORD0093825,18.39,0.00381
ORD0093826,17.82,0.0028
ORD0093827,18.67,0.13487
ORD0093828,14.3,0.0092
ORD0093829,13.72,0.03741
ORD0093830,14.67,0.42935
ORD0093831,27.38,0.77243
ORD0093832,18.87,0.03242
ORD0093833,23.97,0.05681
ORD0093834,14.4,0.08404
ORD0093835,13.54,0.14074
ORD0093836,13.73,0.25184
ORD0093837,22.26,0.72855
ORD0093838,19.26,0.12918
ORD0093839,17.65,0.93107
ORD0093840,79.26,0.02629
ORD0093841,19.59,0.00496
ORD0093842,15.15,0.01661
ORD0093843,16.9,0.02417
ORD0093844,18.51,0.04067
ORD0093845,69.86,0.0373
ORD0093846,43.59,0.60155
ORD0093847,21.75,0.31358
ORD0093848,25.48,0.86326
ORD0093849,13.69,0.58436
ORD0093850,17.49,0.96428
ORD0093851,12.92,0.20992
ORD0093852,18.81,0.94542
ORD0093853,12.66,0.05572
ORD0093854,17.19,0.00669
ORD0093855,14.45,0.00217
ORD0093856,18.98,0.0015
ORD0093857,16.9,0.0038
ORD0093858,26.06,0.00244
ORD0093859,24.36,0.02442
ORD0093860,42.23,0.00537
ORD0093861,21.79,0.08059
ORD0093862,16.91,0.00105
ORD0093863,14.48,0.00515
ORD0093864,15.74,0.01004
ORD0093865,20.17,0.00168
ORD0093866,14.73,0.00093
ORD0093867,20.19,0.02484
ORD0093868,18.79,0.06211
ORD0093869,16.21,0.00552
ORD0093870,28.06,0.00083
ORD0093871,18.74,0.0014
ORD0093872,20.79,0.28634
ORD0093873,24.85,0.54421
ORD0093874,15.72,0.00389
ORD0093875,16.24,0.01254
ORD0093876,14.3,0.00161
ORD0093877,23.25,0.00077
ORD0093878,22.91,0.00079
ORD0093879,13.77,0.03569
ORD0093880,13.16,0.00303
ORD0093881,17.4,0.00655
ORD0093882,16.02,0.01334
ORD0093883,20.92,0.01837
ORD0093884,33.01,0.19822
ORD0093885,20.23,0.03456
ORD0093886,33.35,0.00203
ORD0093887,30.85,0.01106
ORD0093888,16.38,0.35432
ORD0093889,18.89,0.52178
ORD0093890,16.21,0.00274
ORD0093891,20.38,0.00401
ORD0093892,107.27,0.00274
ORD0093893,24.39,0.08527
ORD0093894,26.5,0.0255
ORD0093895,16.69,0.0036
ORD0093896,16.38,0.00225
ORD0093897,26.33,0.56716
ORD0093898,17.29,0.00806
ORD0093899,19.32,0.94876
ORD0093900,15.21,0.12316
ORD0093901,25.14,0.99004
ORD0093902,16.38,0.23281
ORD0093903,14.53,0.09223
ORD0093904,13.18,0.00901
ORD0093905,17.92,0.58626
ORD0093906,25.0,0.81531
ORD0093907,33.97,0.0272
ORD0093908,28.11,0.00457
ORD0093909,23.68,0.9787
ORD0093910,26.38,0.06008
ORD0093911,19.46,0.37622
ORD0093912,19.65,0.00432
ORD0093913,23.72,0.18285
ORD0093914,23.16,0.01481
ORD0093915,23.71,0.52181
ORD0093916,17.51,0.04142
ORD0093917,20.2,0.10961
ORD0093918,14.96,0.00765
ORD0093919,21.21,0.88082
ORD0093920,12.06,0.00231
ORD0093921,14.56,0.04355
ORD0093922,23.36,0.00185
ORD0093923,20.8,0.01124
ORD0093924,17.36,0.00428
ORD0093925,15.13,0.00412
ORD0093926,15.98,0.20068
ORD0093927,13.13,0.01244
ORD0093928,15.71,0.70378
ORD0093929,39.82,0.01304
ORD0093930,17.87,0.08428
ORD0093931,20.37,0.23192
ORD0093932,14.98,0.02218
ORD0093933,14.36,0.72198
ORD0093934,12.47,0.1032
ORD0093935,13.12,0.00147
ORD0093936,11.84,0.05306
ORD0093937,12.83,0.00083
ORD0093938,12.3,0.00172
ORD0093939,11.9,0.00332
ORD0093940,13.7,0.32706
ORD0093941,11.28,0.00124
ORD0093942,11.27,0.00373
ORD0093943,12.53,0.01166
ORD0093944,12.81,0.1923
ORD0093945,14.76,0.87838
ORD0093946,13.7,0.46807
ORD0093947,11.28,0.00345
ORD0093948,11.77,0.01006
ORD0093949,17.76,0.13169
ORD0093950,23.8,0.05526
ORD0093951,15.06,0.58042
ORD0093952,17.85,0.01044
ORD0093953,20.28,0.96547
ORD0093954,14.32,0.11379
ORD0093955,26.0,0.00347
ORD0093956,18.75,0.02927
ORD0093957,21.5,0.00687
ORD0093958,32.28,0.21336
ORD0093959,24.2,0.05072
ORD0093960,26.99,0.64831
ORD0093961,18.24,0.00227
ORD0093962,12.86,0.00414
ORD0093963,20.55,0.28096
ORD0093964,22.65,0.92303
ORD0093965,20.04,0.00305
ORD0093966,19.07,0.00504
ORD0093967,33.92,0.00154
ORD0093968,19.5,0.18144
ORD0093969,16.66,0.44844
ORD0093970,13.65,0.04037
ORD0093971,11.59,0.06905
ORD0093972,16.37,0.54361
ORD0093973,16.07,0.7642
ORD0093974,31.31,0.82885
ORD0093975,21.58,0.064
ORD0093976,17.57,0.17368
ORD0093977,33.3,0.01052
ORD0093978,15.49,0.13914
ORD0093979,17.73,0.95533
ORD0093980,14.12,0.29754
ORD0093981,28.77,0.15148
ORD0093982,23.13,0.77861
ORD0093983,16.7,0.28819
ORD0093984,18.49,0.00569
ORD0093985,18.04,0.00895
ORD0093986,18.26,0.0021
ORD0093987,53.23,0.02541
ORD0093988,28.92,0.0029
ORD0093989,22.95,0.18974
ORD0093990,10.05,0.00158
ORD0093991,10.25,0.00469
ORD0093992,13.91,0.00213
ORD0093993,13.46,0.01291
ORD0093994,18.35,0.00411
ORD0093995,26.83,0.16827
ORD0093996,18.9,0.01035
ORD0093997,32.28,0.66928
ORD0093998,24.44,0.05281
ORD0093999,18.68,0.00899
ORD0094000,11.45,0.00291
ORD0094001,12.7,0.00886
ORD0094002,18.3,0.01143
ORD0094003,16.32,0.00423
ORD0094004,16.66,0.06065
ORD0094005,15.85,0.11749
ORD0094006,16.31,0.91717
ORD0094007,14.08,0.32042
ORD0094008,23.16,0.04424
ORD0094009,22.01,0.23607
ORD0094010,22.2,0.74686
ORD0094011,13.82,0.0108
ORD0094012,11.91,0.01895
ORD0094013,13.22,0.03097
ORD0094014,23.82,0.00518
ORD0094015,21.25,0.0058
ORD0094016,13.54,0.01677
ORD0094017,13.89,0.19367
ORD0094018,14.38,0.07863
ORD0094019,18.5,0.11461
ORD0094020,16.78,0.44637
ORD0094021,18.87,0.48929
ORD0094022,21.72,0.96045
ORD0094023,27.19,0.01962
ORD0094024,16.89,0.87812
ORD0094025,14.76,0.96924
ORD0094026,15.59,0.00681
ORD0094027,21.36,0.18903
ORD0094028,19.65,0.10457
ORD0094029,17.76,0.01676
ORD0094030,21.08,0.73556
ORD0094031,21.52,0.66177
ORD0094032,18.34,0.06528
ORD0094033,22.14,0.04376
ORD0094034,15.78,0.97867
ORD0094035,16.3,0.93311
ORD0094036,19.36,0.99346
ORD0094037,17.97,0.98633
ORD0094038,14.23,0.21172
ORD0094039,39.26,0.00304
ORD0094040,37.73,0.00352
ORD0094041,14.21,0.21327
ORD0094042,20.39,0.44422
ORD0094043,13.66,0.3271
ORD0094044,17.07,0.76823
ORD0094045,28.98,0.05091
ORD0094046,18.67,0.78019
ORD0094047,17.74,0.96268
ORD0094048,35.72,0.06361
ORD0094049,20.9,0.19996
ORD0094050,14.7,0.1991
ORD0094051,20.81,0.09553
ORD0094052,21.15,0.06538
ORD0094053,15.76,0.11911
ORD0094054,13.64,0.05465
ORD0094055,12.86,0.04927
ORD0094056,16.48,0.17302
ORD0094057,13.38,0.1026
ORD0094058,11.2,0.11622
ORD0094059,18.12,0.00982
ORD0094060,16.76,0.08156
ORD0094061,15.93,0.24788
ORD0094062,14.04,0.30308
ORD0094063,15.18,0.74145
ORD0094064,11.43,0.73411
ORD0094065,8.08,0.12289
ORD0094066,9.73,0.10606
ORD0094067,11.23,0.19131
ORD0094068,12.84,0.16525
ORD0094069,10.67,0.31407
ORD0094070,10.41,0.27946
ORD0094071,11.22,0.0043
ORD0094072,12.09,0.00104
ORD0094073,12.28,0.00152
ORD0094074,12.49,0.01773
ORD0094075,12.22,0.00509
ORD0094076,11.96,0.00267
ORD0094077,9.88,0.00192
ORD0094078,11.96,0.12949
ORD0094079,12.52,0.6462
ORD0094080,12.2,0.89696
ORD0094081,9.91,0.00566
ORD0094082,9.32,0.00115
ORD0094083,15.65,0.0028
ORD0094084,26.64,0.00152
ORD0094085,27.81,0.0327
ORD0094086,12.51,0.00832
ORD0094087,16.96,0.40126
ORD0094088,15.95,0.03152
ORD0094089,13.71,0.77666
ORD0094090,20.13,0.02203
ORD0094091,21.96,0.03714
ORD0094092,25.72,0.08577
ORD0094093,19.77,0.09089
ORD0094094,19.47,0.06134
ORD0094095,15.8,0.00588
ORD0094096,12.6,0.00541
ORD0094097,22.99,0.58624
ORD0094098,14.68,0.01776
ORD0094099,17.84,0.00554
ORD0094100,94.22,0.00206
ORD0094101,22.52,0.3457
ORD0094102,11.21,0.1256
ORD0094103,11.86,0.29651
ORD0094104,17.92,0.68978
ORD0094105,27.64,0.96722
ORD0094106,25.68,0.23397
ORD0094107,22.86,0.68063
ORD0094108,17.02,0.54094
ORD0094109,12.86,0.16865
ORD0094110,16.59,0.75452
ORD0094111,13.52,0.89924
ORD0094112,25.38,0.56223
ORD0094113,20.74,0.93555
ORD0094114,14.41,0.36151
ORD0094115,104.21,0.19355
ORD0094116,18.97,0.02612
ORD0094117,15.19,0.00943
ORD0094118,20.49,0.35888
ORD0094119,50.48,0.92428
ORD0094120,44.0,0.05639
ORD0094121,25.38,0.98093
ORD0094122,23.85,0.20562
ORD0094123,9.21,0.00273
ORD0094124,9.39,0.00253
ORD0094125,9.44,0.00844
ORD0094126,8.99,0.00402
ORD0094127,12.22,0.00325
ORD0094128,13.21,0.0045
ORD0094129,17.11,0.08331
ORD0094130,17.42,0.28716
ORD0094132,43.46,0.90119
ORD0094133,11.62,0.00689
ORD0094134,10.6,0.00162
ORD0094135,10.58,0.00285
ORD0094137,11.21,0.00259
ORD0094139,21.81,0.97509
ORD0094141,13.27,0.01313
ORD0094143,16.6,0.02522
ORD0094144,14.91,0.06396
ORD0094145,57.04,0.00322
ORD0094146,42.62,0.00393
ORD0094147,30.31,0.00253
ORD0094148,13.22,0.11183
ORD0094149,10.32,0.00665
ORD0094150,13.12,0.29519
ORD0094151,11.52,0.0112
ORD0094152,19.12,0.00513
ORD0094153,17.27,0.00237
ORD0094154,14.47,0.43317
ORD0094155,10.96,0.18818
ORD0094156,13.08,0.90304
ORD0094157,14.11,0.56313
ORD0094158,18.05,0.91603
ORD0094159,22.03,0.9423
ORD0094160,15.69,0.98482
ORD0094161,18.48,0.92799
ORD0094162,19.57,0.03088
ORD0094163,23.19,0.08138
ORD0094164,14.12,0.98323
ORD0094165,15.51,0.01268
ORD0094166,16.06,0.00312
ORD0094167,24.61,0.07384
ORD0094168,20.61,0.04116
ORD0094169,14.94,0.00713
ORD0094170,11.24,0.00328
ORD0094171,25.57,0.31318
ORD0094172,19.67,0.09604
ORD0094173,13.58,0.02008
ORD0094174,16.1,0.00794
ORD0094175,16.14,0.71089
ORD0094176,11.09,0.24374
ORD0094177,16.41,0.95534
ORD0094178,15.56,0.70191
ORD0094179,10.05,0.0736
ORD0094180,9.42,0.02466
ORD0094181,49.13,0.00235
ORD0094182,11.97,0.16646
ORD0094183,14.51,0.0866
ORD0094184,16.65,0.3721
ORD0094185,11.94,0.12141
ORD0094186,30.95,0.04265
ORD0094187,23.11,0.03517
ORD0094188,15.1,0.70215
ORD0094189,18.99,0.05664
ORD0094190,17.04,0.21166
ORD0094191,18.04,0.05722
ORD0094192,18.05,0.08076
ORD0094193,18.47,0.17532
ORD0094194,15.02,0.10145
ORD0094195,14.8,0.43573
ORD0094196,14.72,0.07623
ORD0094197,10.74,0.12707
ORD0094198,12.1,0.12199
ORD0094199,12.65,0.81899
ORD0094200,11.52,0.12864
ORD0094201,9.77,0.12663
ORD0094202,14.8,0.06261
ORD0094203,16.08,0.0605
ORD0094204,13.49,0.03979
ORD0094205,10.88,0.0372
ORD0094206,8.13,0.00969
ORD0094207,10.63,0.2931
ORD0094208,11.23,0.31355
ORD0094209,10.68,0.53627
ORD0094210,8.37,0.43693
ORD0094211,8.67,0.38933
ORD0094212,11.41,0.75769
ORD0094213,11.26,0.95707
ORD0094214,11.16,0.60799
ORD0094215,8.33,0.00326
ORD0094216,9.18,0.00084
ORD0094217,9.96,0.00768
ORD0094218,9.07,0.00146
ORD0094219,7.52,0.001
ORD0094220,7.49,0.00036
ORD0094221,8.66,0.02122
ORD0094222,8.99,0.00165
ORD0094223,9.14,0.05545
ORD0094224,8.48,0.00255
ORD0094225,9.65,0.29233
ORD0094226,7.69,0.0017
ORD0094227,7.52,0.00083
ORD0094228,12.5,0.0019
ORD0094229,12.91,0.00294
ORD0094230,19.67,0.00199
ORD0094231,23.41,0.00143
ORD0094232,9.33,0.00287
ORD0094233,14.79,0.00981
ORD0094234,12.7,0.01082
ORD0094235,17.81,0.00414
ORD0094236,14.1,0.01927
ORD0094237,17.29,0.00886
ORD0094238,20.86,0.05792
ORD0094239,14.44,0.06015
ORD0094240,15.3,0.00409
ORD0094241,8.85,0.00262
ORD0094242,16.0,0.2419
ORD0094243,18.88,0.06466
ORD0094244,13.2,0.00176
ORD0094245,14.32,0.29811
ORD0094246,13.27,0.1952
ORD0094247,7.72,0.04821
ORD0094248,8.11,0.05389
ORD0094249,9.81,0.44009
ORD0094250,8.8,0.48671
ORD0094251,20.84,0.74324
ORD0094252,22.97,0.7431
ORD0094253,15.37,0.16264
ORD0094254,11.05,0.14691
ORD0094255,11.41,0.14016
ORD0094256,10.35,0.19342
ORD0094257,22.39,0.6183
ORD0094258,11.57,0.34918
ORD0094259,16.28,0.94393
ORD0094260,11.54,0.43899
ORD0094261,14.15,0.00713
ORD0094262,10.85,0.00691
ORD0094263,13.61,0.02937
ORD0094264,48.24,0.1151
ORD0094265,15.75,0.20498
ORD0094266,10.55,0.12548
ORD0094267,10.24,0.03365
ORD0094268,11.07,0.91534
ORD0094269,15.2,0.78925
ORD0094270,13.94,0.29485
ORD0094271,12.57,0.00923
ORD0094272,11.14,0.00353
ORD0094273,15.86,0.00568
ORD0094275,16.65,0.03049
ORD0094276,24.91,0.05159
ORD0094278,18.6,0.0009
ORD0094279,12.02,0.01381
ORD0094280,16.82,0.00119
ORD0094281,16.92,0.73655
ORD0094282,10.0,0.00341
ORD0094283,15.13,0.15175
ORD0094284,10.39,0.00697
ORD0094285,14.47,0.00254
ORD0094286,19.18,0.00595
ORD0094287,21.0,0.43683
ORD0094289,12.83,0.30908
ORD0094290,11.03,0.0076
ORD0094291,15.29,0.92472
ORD0094292,18.51,0.00165
ORD0094293,12.34,0.00721
ORD0094294,9.66,0.0443
ORD0094295,15.96,0.02274
ORD0094296,14.05,0.0537
ORD0094297,15.47,0.24019
ORD0094298,17.95,0.51928
ORD0094299,21.19,0.00442
ORD0094300,23.35,0.01732
ORD0094301,15.77,0.52271
ORD0094302,14.01,0.9958
ORD0094303,13.34,0.10365
ORD0094304,81.38,0.00607
ORD0094305,73.33,0.02812
ORD0094306,33.22,0.00143
ORD0094307,21.43,0.02214
ORD0094308,20.29,0.03216
ORD0094309,13.64,0.00353
ORD0094310,12.76,0.01916
ORD0094311,21.89,0.16036
ORD0094312,19.69,0.07504
ORD0094313,15.97,0.00984
ORD0094314,12.49,0.55567
ORD0094315,14.78,0.77919
ORD0094316,11.36,0.04395
ORD0094317,67.73,0.00147
ORD0094318,13.69,0.16991
ORD0094319,12.26,0.12814
ORD0094320,16.21,0.33542
ORD0094321,12.05,0.09822
ORD0094322,25.29,0.04867
ORD0094323,25.06,0.02148
ORD0094324,15.7,0.55764
ORD0094325,14.42,0.22693
ORD0094326,26.67,0.0517
ORD0094327,19.54,0.02674
ORD0094328,12.96,0.1045
ORD0094329,15.34,0.08974
ORD0094330,23.9,0.08717
ORD0094331,12.46,0.12846
ORD0094332,19.41,0.09921
ORD0094333,13.94,0.187
ORD0094334,10.87,0.08638
ORD0094335,18.1,0.02943
ORD0094336,12.3,0.02093
ORD0094337,14.34,0.03409
ORD0094338,13.94,0.16495
ORD0094339,11.55,0.06355
ORD0094340,10.35,0.04763
ORD0094341,9.83,0.14438
ORD0094342,10.83,0.27805
ORD0094343,10.31,0.78554
ORD0094344,11.23,0.47839
ORD0094345,12.38,0.90476
ORD0094346,13.1,0.96477
ORD0094347,10.72,0.00273
ORD0094348,9.74,0.00052
ORD0094349,11.89,0.00081
ORD0094350,10.83,0.00422
ORD0094351,9.09,0.0011
ORD0094352,11.07,0.00606
ORD0094353,10.0,0.00101
ORD0094354,10.3,0.02623
ORD0094355,10.62,0.00134
ORD0094356,10.53,0.07137
ORD0094357,9.24,0.00121
ORD0094358,9.43,0.00043
ORD0094359,9.65,0.0004
ORD0094360,15.17,0.00224
ORD0094361,12.76,0.0049
ORD0094362,22.46,0.00253
ORD0094363,17.06,0.0042
ORD0094364,11.66,0.00567
ORD0094365,15.87,0.02046
ORD0094366,12.7,0.01425
ORD0094367,94.62,0.24337
ORD0094368,50.64,0.00105
ORD0094369,19.63,0.10006
ORD0094370,18.33,0.1751
ORD0094371,21.2,0.03048
ORD0094372,24.47,0.63837
ORD0094373,16.8,0.00667
ORD0094374,10.33,0.0027
ORD0094375,20.08,0.97125
ORD0094376,21.67,0.03911
ORD0094377,13.69,0.03216
ORD0094378,16.47,0.00446
ORD0094379,17.53,0.38879
ORD0094380,11.59,0.08233
ORD0094381,10.27,0.10921
ORD0094382,8.69,0.02361
ORD0094383,13.66,0.6001
ORD0094384,11.25,0.23177
ORD0094385,24.28,0.87024
ORD0094386,16.74,0.43033
ORD0094387,12.92,0.18792
ORD0094388,11.7,0.18428
ORD0094389,12.17,0.2661
ORD0094390,12.24,0.43266
ORD0094391,11.05,0.465
ORD0094392,23.99,0.16096
ORD0094393,13.71,0.28167
ORD0094394,14.39,0.25017
ORD0094395,11.6,0.41407
ORD0094396,17.8,0.0115
ORD0094397,12.37,0.15304
ORD0094398,18.41,0.14786
ORD0094399,17.42,0.47615
ORD0094400,45.86,0.52396
ORD0094401,21.83,0.87838
ORD0094402,22.34,0.91746
ORD0094403,32.73,0.00233
ORD0094404,11.05,0.00355
ORD0094405,12.8,0.1903
ORD0094406,10.84,0.01008
ORD0094407,12.98,0.95767
ORD0094408,14.32,0.0032
ORD0094409,16.88,0.9299
ORD0094410,15.82,0.00201
ORD0094411,14.95,0.00954
ORD0094412,17.58,0.18446
ORD0094413,20.97,0.22488
ORD0094414,23.59,0.51292
ORD0094415,19.93,0.39301
ORD0094416,37.12,0.94092
ORD0094417,17.37,0.00622
ORD0094418,12.92,0.00841
ORD0094419,14.55,0.00103
ORD0094421,16.6,0.01077
ORD0094423,25.01,0.99058
ORD0094425,14.85,0.00645
ORD0094426,24.08,0.05543
ORD0094427,16.32,0.01414
ORD0094428,17.21,0.01189
ORD0094430,85.33,0.05105
ORD0094431,67.87,0.06431
ORD0094432,66.66,0.00848
ORD0094433,81.11,0.039
ORD0094434,34.74,0.0014
ORD0094435,61.86,0.00178
ORD0094436,14.51,0.00795
ORD0094437,13.39,0.0147
ORD0094438,16.14,0.01895
ORD0094439,16.27,0.04008
ORD0094440,22.78,0.00523
ORD0094441,21.19,0.0029
ORD0094442,10.89,0.07633
ORD0094443,16.65,0.1681
ORD0094444,24.36,0.70892
ORD0094445,23.23,0.17416
ORD0094446,23.73,0.98739
ORD0094447,36.26,0.08826
ORD0094448,18.1,0.9943
ORD0094449,23.08,0.57001
ORD0094450,16.0,0.00958
ORD0094451,15.37,0.0045
ORD0094452,30.52,0.29309
ORD0094453,16.9,0.01521
ORD0094454,15.29,0.0124
ORD0094455,30.24,0.7669
ORD0094456,25.9,0.40087
ORD0094457,21.37,0.06984
ORD0094458,21.32,0.08517
ORD0094459,20.44,0.97926
ORD0094460,23.01,0.99617
ORD0094461,19.98,0.88977
ORD0094462,13.51,0.27677
ORD0094463,14.59,0.28901
ORD0094464,16.33,0.10801
ORD0094465,16.75,0.24327
ORD0094466,17.97,0.24561
ORD0094467,16.77,0.29239
ORD0094468,28.88,0.02854
ORD0094469,27.33,0.0277
ORD0094470,17.55,0.44051
ORD0094471,18.79,0.61085
ORD0094472,21.0,0.05014
ORD0094473,19.01,0.06191
ORD0094474,25.6,0.11454
ORD0094475,16.97,0.1312
ORD0094476,22.49,0.1345
ORD0094477,21.7,0.08652
ORD0094478,17.0,0.24879
ORD0094479,18.2,0.12084
ORD0094480,18.22,0.12541
ORD0094481,13.95,0.06786
ORD0094482,16.76,0.45471
ORD0094483,14.37,0.17341
ORD0094484,12.21,0.04043
ORD0094485,18.41,0.93581
ORD0094486,19.35,0.01358
ORD0094487,20.78,0.54237
ORD0094488,17.25,0.32029
ORD0094489,15.3,0.22266
ORD0094490,12.27,0.12753
ORD0094491,14.85,0.23335
ORD0094492,10.03,0.05
ORD0094493,10.07,0.09252
ORD0094494,14.47,0.14705
ORD0094495,14.49,0.17409
ORD0094496,11.81,0.32507
ORD0094497,12.32,0.00194
ORD0094498,10.69,0.00296
ORD0094499,13.7,0.20151
ORD0094500,12.26,0.00092
ORD0094501,11.64,0.00177
ORD0094502,10.54,0.00452
ORD0094503,11.4,0.00043
ORD0094504,9.86,0.00148
ORD0094505,11.36,0.00212
ORD0094506,12.04,0.01223
ORD0094507,10.64,0.01328
ORD0094508,11.66,0.02322
ORD0094509,10.73,0.02058
ORD0094510,11.08,0.03611
ORD0094511,9.91,0.00069
ORD0094512,15.05,0.00298
ORD0094513,22.93,0.00387
ORD0094514,21.89,0.00364
ORD0094515,15.47,0.01523
ORD0094516,14.89,0.04986
ORD0094517,12.45,0.00637
ORD0094518,34.68,0.0017
ORD0094519,82.7,0.00507
ORD0094520,93.14,0.00383
ORD0094521,79.38,0.003
ORD0094522,60.3,0.00113
ORD0094523,84.69,0.01691
ORD0094524,28.03,0.03696
ORD0094525,16.04,0.0067
ORD0094526,21.97,0.17271
ORD0094527,26.11,0.02296
ORD0094528,20.77,0.18462
ORD0094529,16.8,0.00392
ORD0094530,25.15,0.76583
ORD0094531,23.48,0.13756
ORD0094532,17.63,0.01062
ORD0094533,18.55,0.42234
ORD0094534,13.53,0.08075
ORD0094535,18.44,0.6018
ORD0094536,13.49,0.45803
ORD0094537,26.95,0.93527
ORD0094538,19.35,0.83925
ORD0094539,20.95,0.21453
ORD0094540,16.17,0.28414
ORD0094541,18.82,0.57738
ORD0094542,14.52,0.81841
ORD0094543,16.51,0.92256
ORD0094544,13.46,0.16345
ORD0094545,25.1,0.33126
ORD0094546,17.22,0.50403
ORD0094547,14.38,0.39821
ORD0094548,18.96,0.00465
ORD0094549,21.1,0.02975
ORD0094550,20.65,0.00137
ORD0094551,41.12,0.10902
ORD0094552,42.28,0.00402
ORD0094553,18.6,0.22652
ORD0094554,22.97,0.01637
ORD0094555,11.32,0.01444
ORD0094556,11.24,0.00694
ORD0094557,13.24,0.53121
ORD0094558,11.16,0.05389
ORD0094559,15.41,0.34902
ORD0094560,14.58,0.0173
ORD0094561,19.37,0.01442
ORD0094562,16.78,0.01618
ORD0094563,20.26,0.06832
ORD0094564,20.61,0.11624
ORD0094565,24.69,0.27901
ORD0094566,44.3,0.8687
ORD0094567,30.98,0.62991
ORD0094568,15.79,0.00157
ORD0094569,12.85,0.18115
ORD0094570,12.87,0.00954
ORD0094571,14.82,0.04049
ORD0094572,20.89,0.0038
ORD0094573,30.04,0.97404
ORD0094574,16.81,0.06114
ORD0094575,35.88,0.02256
ORD0094576,20.8,0.00328
ORD0094577,23.71,0.3596
ORD0094578,14.9,0.15502
ORD0094579,19.79,0.54273
ORD0094580,15.05,0.01227
ORD0094581,23.73,0.00795
ORD0094582,13.69,0.00555
ORD0094583,10.66,0.05941
ORD0094584,21.05,0.96839
ORD0094585,17.05,0.13578
ORD0094586,19.86,0.01687
ORD0094587,25.78,0.584
ORD0094588,23.81,0.04737
ORD0094589,30.96,0.00147
ORD0094590,32.12,0.00889
ORD0094591,20.24,0.06758
ORD0094592,19.4,0.15561
ORD0094593,22.85,0.0035
ORD0094594,101.11,0.00153
ORD0094595,30.79,0.32501
ORD0094596,16.95,0.01006
ORD0094597,26.8,0.52883
ORD0094598,21.33,0.03766
ORD0094599,20.54,0.06255
ORD0094600,20.56,0.90759
ORD0094601,16.28,0.73761
ORD0094602,23.63,0.98938
ORD0094603,13.64,0.14999
ORD0094604,15.35,0.59166
ORD0094605,18.48,0.20005
ORD0094606,19.68,0.53193
ORD0094607,35.98,0.03106
ORD0094608,18.28,0.72213
ORD0094609,17.14,0.0541
ORD0094610,33.75,0.04681
ORD0094611,24.49,0.03717
ORD0094612,20.43,0.19388
ORD0094613,99.85,0.19151
ORD0094614,69.99,0.01202
ORD0094615,26.87,0.10019
ORD0094616,17.33,0.15705
ORD0094617,19.51,0.02121
ORD0094618,20.13,0.0761
ORD0094619,16.95,0.32018
ORD0094620,13.96,0.05813
ORD0094621,72.77,0.00589
ORD0094622,13.36,0.09238
ORD0094623,20.15,0.35474
ORD0094624,21.94,0.02874
ORD0094625,20.14,0.09095
ORD0094626,14.35,0.04218
ORD0094627,14.56,0.0457
ORD0094628,14.37,0.31356
ORD0094629,17.38,0.51396
ORD0094630,37.37,0.00725
ORD0094631,59.75,0.00877
ORD0094632,10.23,0.05223
ORD0094633,13.82,0.13073
ORD0094634,14.81,0.10783
ORD0094635,11.92,0.47093
ORD0094636,13.65,0.0089
ORD0094637,11.21,0.00583
ORD0094638,12.29,0.00133
ORD0094639,11.66,0.00162
ORD0094640,10.48,0.01348
ORD0094641,9.57,0.00299
ORD0094642,10.84,0.05372
ORD0094643,11.93,0.00914
ORD0094644,11.24,0.38101
ORD0094645,12.0,0.64281
ORD0094646,9.85,0.01236
ORD0094647,14.31,0.83627
ORD0094648,9.47,0.00231
ORD0094649,18.59,0.1062
ORD0094650,15.78,0.00444
ORD0094651,23.31,0.01748
ORD0094652,23.8,0.00226
ORD0094653,15.55,0.61812
ORD0094654,19.95,0.01704
ORD0094655,21.8,0.96888
ORD0094656,24.1,0.03314
ORD0094657,17.9,0.53805
ORD0094658,18.63,0.11776
ORD0094659,18.96,0.10914
ORD0094660,22.54,0.94202
ORD0094661,17.4,0.00523
ORD0094662,22.92,0.82829
ORD0094663,20.69,0.01074
ORD0094664,16.88,0.14727
ORD0094665,18.48,0.29548
ORD0094666,17.77,0.52567
ORD0094667,12.93,0.05757
ORD0094668,15.44,0.60423
ORD0094669,25.49,0.86914
ORD0094670,20.26,0.83546
ORD0094671,20.9,0.14754
ORD0094672,18.79,0.18647
ORD0094673,12.9,0.42744
ORD0094674,12.44,0.55321
ORD0094675,30.9,0.92313
ORD0094676,20.4,0.35571
ORD0094677,21.13,0.98143
ORD0094678,126.02,0.08983
ORD0094679,19.3,0.00795
ORD0094680,13.35,0.0054
ORD0094681,19.2,0.13737
ORD0094682,23.04,0.01116
ORD0094683,61.67,0.39581
ORD0094684,37.82,0.03266
ORD0094685,26.73,0.84697
ORD0094686,25.01,0.17317
ORD0094687,13.16,0.88629
ORD0094688,12.86,0.99109
ORD0094689,12.1,0.97565
ORD0094690,17.92,0.99166
ORD0094691,13.74,0.89875
ORD0094692,16.2,0.00125
ORD0094693,11.12,0.22387
ORD0094694,19.47,0.49338
ORD0094695,14.79,0.0095
ORD0094696,25.3,0.84185
ORD0094697,21.83,0.13964
ORD0094698,30.49,0.97878
ORD0094699,33.27,0.85767
ORD0094700,13.2,0.00916
ORD0094701,12.31,0.00107
ORD0094702,12.7,0.02438
ORD0094703,15.15,0.01258
ORD0094704,14.37,0.00903
ORD0094705,25.35,0.99554
ORD0094706,21.65,0.99797
ORD0094707,15.02,0.94448
ORD0094708,19.64,0.10382
ORD0094709,15.75,0.00655
ORD0094710,19.45,0.00278
ORD0094711,25.78,0.98201
ORD0094712,16.14,0.01544
ORD0094713,15.0,0.05471
ORD0094714,13.04,0.00805
ORD0094715,30.34,0.00993
ORD0094716,21.37,0.00354
ORD0094717,15.47,0.11945
ORD0094718,11.35,0.02738
ORD0094719,16.98,0.2875
ORD0094720,14.2,0.06843
ORD0094721,25.99,0.57871
ORD0094722,20.52,0.92255
ORD0094723,32.19,0.06712
ORD0094724,30.6,0.03075
ORD0094725,34.5,0.01554
ORD0094726,16.97,0.64842
ORD0094727,16.62,0.13407
ORD0094728,14.28,0.00821
ORD0094729,17.8,0.00805
ORD0094730,24.76,0.27461
ORD0094731,22.68,0.18005
ORD0094732,16.58,0.01144
ORD0094733,15.02,0.01181
ORD0094734,30.56,0.54911
ORD0094735,18.13,0.01582
ORD0094736,18.61,0.9136
ORD0094737,14.59,0.15293
ORD0094738,22.36,0.99094
ORD0094739,17.07,0.56994
ORD0094740,11.78,0.19058
ORD0094741,13.11,0.06114
ORD0094742,15.41,0.47502
ORD0094743,20.87,0.65555
ORD0094744,33.42,0.0376
ORD0094745,23.33,0.03221
ORD0094746,17.98,0.85886
ORD0094747,19.0,0.0602
ORD0094748,21.62,0.11663
ORD0094749,16.63,0.03063
ORD0094750,26.69,0.00804
ORD0094751,24.89,0.10418
ORD0094752,28.58,0.1009
ORD0094753,19.44,0.22982
ORD0094754,17.82,0.14192
ORD0094755,16.63,0.09475
ORD0094756,14.51,0.04857
ORD0094757,15.77,0.39599
ORD0094758,14.04,0.36831
ORD0094759,11.63,0.03245
ORD0094760,16.1,0.2283
ORD0094761,20.12,0.02932
ORD0094762,13.31,0.03473
ORD0094763,14.36,0.82974
ORD0094764,10.74,0.113
ORD0094765,15.29,0.98157
ORD0094766,12.18,0.40061
ORD0094767,8.94,0.07411
ORD0094768,12.81,0.25302
ORD0094769,13.34,0.30024
ORD0094770,11.4,0.52741
ORD0094771,11.88,0.67096
ORD0094772,10.62,0.00102
ORD0094773,11.43,0.07124
ORD0094774,14.69,0.95389
ORD0094775,11.78,0.0042
ORD0094776,12.09,0.00293
ORD0094777,12.68,0.53977
ORD0094778,10.58,0.00056
ORD0094779,9.71,0.00872
ORD0094780,11.11,0.00247
ORD0094781,11.33,0.0061
ORD0094782,15.76,0.97484
ORD0094783,10.05,0.01838
ORD0094784,13.36,0.97071
ORD0094785,10.7,0.019
ORD0094786,14.46,0.02141
ORD0094787,24.14,0.00903
ORD0094788,14.16,0.10476
ORD0094789,16.82,0.01565
ORD0094790,15.98,0.43873
ORD0094791,11.76,0.04018
ORD0094792,21.31,0.26942
ORD0094793,18.53,0.06044
ORD0094794,26.64,0.62576
ORD0094795,25.12,0.13116
ORD0094796,23.66,0.9098
ORD0094797,21.02,0.41161
ORD0094798,15.93,0.00836
ORD0094799,14.36,0.00439
ORD0094800,25.44,0.99147
ORD0094801,22.38,0.90042
ORD0094802,18.63,0.05819
ORD0094803,17.15,0.01626
ORD0094804,27.15,0.60101
ORD0094805,14.12,0.55078
ORD0094806,10.6,0.21142
ORD0094807,9.79,0.08524
ORD0094808,14.9,0.85919
ORD0094809,15.33,0.80896
ORD0094810,23.94,0.98638
ORD0094811,28.18,0.33382
ORD0094812,16.22,0.26651
ORD0094813,37.55,0.05546
ORD0094814,15.58,0.65643
ORD0094815,12.48,0.42495
ORD0094816,17.1,0.9616
ORD0094817,22.27,0.21275
ORD0094818,19.96,0.1731
ORD0094819,19.15,0.31954
ORD0094820,18.87,0.26946
ORD0094821,23.42,0.7589
ORD0094822,22.55,0.49328
ORD0094823,44.98,0.97377
ORD0094824,48.33,0.97248
ORD0094825,22.84,0.99523
ORD0094826,9.74,0.00268
ORD0094827,9.74,0.00385
ORD0094828,13.4,0.00226
ORD0094829,14.53,0.01587
ORD0094830,16.64,0.01377
ORD0094831,29.84,0.03173
ORD0094832,22.97,0.08603
ORD0094833,25.97,0.12675
ORD0094834,25.39,0.28245
ORD0094835,12.16,0.00793
ORD0094836,10.59,0.00928
ORD0094837,13.92,0.01241
ORD0094838,13.94,0.00403
ORD0094839,13.8,0.00507
ORD0094840,16.04,0.31082
ORD0094841,17.32,0.59262
ORD0094842,13.67,0.11299
ORD0094843,11.59,0.83907
ORD0094844,20.19,0.01268
ORD0094845,16.4,0.41709
ORD0094846,23.89,0.98278
ORD0094847,11.44,0.02057
ORD0094848,12.94,0.00877
ORD0094849,14.02,0.02574
ORD0094850,21.5,0.00407
ORD0094851,18.4,0.00545
ORD0094852,10.77,0.08137
ORD0094853,15.08,0.17982
ORD0094854,13.08,0.0127
ORD0094855,16.3,0.35437
ORD0094856,19.57,0.06082
ORD0094857,19.02,0.84259
ORD0094858,16.63,0.20353
ORD0094859,22.58,0.01518
ORD0094860,13.97,0.94114
ORD0094861,13.06,0.36985
ORD0094862,18.54,0.00455
ORD0094863,23.56,0.13485
ORD0094864,21.32,0.0166
ORD0094865,12.64,0.01005
ORD0094866,20.22,0.34042
ORD0094867,19.04,0.02406
ORD0094868,17.87,0.03562
ORD0094869,22.86,0.00972
ORD0094870,16.8,0.79766
ORD0094871,12.97,0.13756
ORD0094872,17.47,0.96652
ORD0094873,14.33,0.20248
ORD0094874,11.73,0.11682
ORD0094875,27.55,0.00334
ORD0094876,20.98,0.0088
ORD0094877,12.23,0.12228
ORD0094878,13.69,0.03028
ORD0094879,13.63,0.21425
ORD0094880,11.79,0.04322
ORD0094881,29.0,0.02249
ORD0094882,13.79,0.26756
ORD0094883,14.44,0.1247
ORD0094884,27.61,0.01953
ORD0094885,23.25,0.03247
ORD0094886,19.34,0.10819
ORD0094887,20.77,0.08935
ORD0094888,24.14,0.93015
ORD0094889,13.9,0.10492
ORD0094890,13.38,0.04354
ORD0094891,14.99,0.57901
ORD0094892,14.86,0.13554
ORD0094893,15.8,0.97622
ORD0094894,10.75,0.01848
ORD0094895,14.45,0.00924
ORD0094896,13.57,0.53989
ORD0094897,13.33,0.05364
ORD0094898,10.77,0.00613
ORD0094899,11.25,0.11972
ORD0094900,9.4,0.01772
ORD0094901,9.53,0.0342
ORD0094902,7.9,0.03999
ORD0094903,14.36,0.08522
ORD0094904,10.96,0.10243
ORD0094905,10.11,0.16779
ORD0094906,10.21,0.24519
ORD0094907,11.52,0.0083
ORD0094908,12.82,0.00104
ORD0094909,11.62,0.00106
ORD0094910,10.54,0.02041
ORD0094911,11.34,0.00517
ORD0094912,9.36,0.00159
ORD0094913,9.14,0.00213
ORD0094914,10.89,0.14844
ORD0094915,10.97,0.33018
ORD0094916,13.41,0.7895
ORD0094917,9.9,0.00803
ORD0094918,10.22,0.00431
ORD0094919,15.04,0.39174
ORD0094920,19.34,0.17789
ORD0094921,24.38,0.1603
ORD0094922,14.17,0.95475
ORD0094923,18.45,0.50549
ORD0094924,16.2,0.98508
ORD0094925,13.46,0.92219
ORD0094926,22.86,0.03783
ORD0094927,19.29,0.41074
ORD0094928,22.47,0.06836
ORD0094929,20.52,0.24494
ORD0094930,21.48,0.88461
ORD0094931,14.69,0.00557
ORD0094932,11.12,0.01743
ORD0094933,22.12,0.83127
ORD0094934,18.86,0.02055
ORD0094935,15.67,0.197
ORD0094936,90.75,0.00168
ORD0094937,24.98,0.00073
ORD0094938,15.69,0.28157
ORD0094939,12.02,0.06093
ORD0094940,9.07,0.04666
ORD0094941,16.78,0.54594
ORD0094942,24.93,0.85536
ORD0094943,17.74,0.12779
ORD0094944,13.83,0.11794
ORD0094945,12.61,0.39687
ORD0094946,13.9,0.52843
ORD0094947,12.06,0.46859
ORD0094948,10.69,0.14516
ORD0094949,18.23,0.4328
ORD0094950,18.23,0.46503
ORD0094951,13.97,0.91224
ORD0094952,32.08,0.10458
ORD0094953,20.84,0.00617
ORD0094954,13.76,0.00925
ORD0094955,18.24,0.01784
ORD0094956,38.21,0.062
ORD0094957,31.15,0.04378
ORD0094958,19.95,0.21629
ORD0094959,23.83,0.14063
ORD0094960,10.21,0.02316
ORD0094961,10.46,0.16774
ORD0094962,10.67,0.57706
ORD0094963,10.24,0.51044
ORD0094964,13.12,0.29973
ORD0094965,14.79,0.04124
ORD0094966,10.68,0.00259
ORD0094967,18.23,0.12536
ORD0094968,17.17,0.00623
ORD0094969,26.26,0.4948
ORD0094970,11.3,0.00087
ORD0094971,11.18,0.04972
ORD0094972,11.72,0.00647
ORD0094973,11.08,0.00586
ORD0094974,17.71,0.00085
ORD0094975,13.94,0.46113
ORD0094976,17.23,0.9872
ORD0094977,13.99,0.12089
ORD0094978,13.04,0.97843
ORD0094979,13.35,0.91581
ORD0094980,15.41,0.00119
ORD0094981,13.25,0.00442
ORD0094982,53.55,0.04128
ORD0094983,56.27,0.00641
ORD0094984,64.5,0.00808
ORD0094985,11.31,0.01562
ORD0094986,10.82,0.00595
ORD0094987,13.18,0.09615
ORD0094988,10.23,0.00889
ORD0094989,20.97,0.00716
ORD0094990,20.77,0.00505
ORD0094991,15.53,0.18925
ORD0094992,9.71,0.07177
ORD0094993,13.89,0.56457
ORD0094994,12.01,0.21217
ORD0094995,17.94,0.9624
ORD0094996,17.27,0.57717
ORD0094997,18.88,0.99075
ORD0094998,16.54,0.96446
ORD0094999,22.76,0.05987
ORD0095000,28.66,0.02801
ORD0095001,13.33,0.9827
ORD0095002,12.25,0.00946
ORD0095003,15.32,0.00697
ORD0095004,26.36,0.21659
ORD0095005,21.31,0.2038
ORD0095006,16.04,0.01018
ORD0095007,13.23,0.01918
ORD0095008,21.3,0.80256
ORD0095009,21.42,0.80278
ORD0095010,14.22,0.05173
ORD0095011,14.4,0.02942
ORD0095012,18.42,0.97305
ORD0095013,12.61,0.9593
ORD0095014,15.78,0.98561
ORD0095015,17.24,0.98122
ORD0095016,11.36,0.19034
ORD0095017,9.88,0.09466
ORD0095018,42.09,0.00125
ORD0095019,12.97,0.18039
ORD0095020,15.36,0.15181
ORD0095021,16.54,0.31588
ORD0095022,12.47,0.19469
ORD0095023,28.43,0.03069
ORD0095024,20.68,0.03562
ORD0095025,13.9,0.45132
ORD0095026,18.69,0.05906
ORD0095027,17.59,0.19029
ORD0095028,13.95,0.10723
ORD0095029,17.37,0.09579
ORD0095030,18.14,0.05163
ORD0095031,13.99,0.16416
ORD0095032,17.37,0.08473
ORD0095033,14.06,0.09734
ORD0095034,11.29,0.05633
ORD0095035,15.23,0.63001
ORD0095036,10.21,0.07694
ORD0095037,9.14,0.20687
ORD0095038,12.06,0.15402
ORD0095039,14.2,0.0927
ORD0095040,13.08,0.0597
ORD0095041,12.72,0.06337
ORD0095042,11.89,0.0355
ORD0095043,8.68,0.00526
ORD0095044,8.6,0.00445
ORD0095045,11.37,0.45408
ORD0095046,9.99,0.21027
ORD0095047,7.51,0.11517
ORD0095048,9.1,0.38647
ORD0095049,10.16,0.24893
ORD0095050,9.82,0.4741
ORD0095051,12.87,0.8299
ORD0095052,8.55,0.00355
ORD0095053,9.6,0.00073
ORD0095054,8.59,0.00584
ORD0095055,8.75,0.00167
ORD0095056,7.63,0.00116
ORD0095057,7.6,0.00041
ORD0095058,7.93,0.01027
ORD0095059,8.14,0.00159
ORD0095060,8.93,0.03464
ORD0095061,8.53,0.00336
ORD0095062,9.88,0.19373
ORD0095063,8.06,0.00171
ORD0095064,7.57,0.00084
ORD0095065,10.64,0.01413
ORD0095066,13.84,0.08884
ORD0095067,16.25,0.01337
ORD0095068,21.84,0.0562
ORD0095069,10.42,0.09068
ORD0095070,11.67,0.66732
ORD0095071,16.24,0.44669
ORD0095072,19.65,0.04663
ORD0095073,17.85,0.15224
ORD0095074,19.08,0.39071
ORD0095075,18.72,0.51292
ORD0095076,18.6,0.82731
ORD0095077,11.44,0.00578
ORD0095078,11.74,0.07909
ORD0095079,19.52,0.96319
ORD0095080,20.62,0.98106
ORD0095081,11.59,0.02037
ORD0095082,15.03,0.22896
ORD0095083,12.4,0.24901
ORD0095084,7.35,0.04822
ORD0095085,7.16,0.08466
ORD0095086,11.26,0.3519
ORD0095087,10.83,0.57358
ORD0095088,21.45,0.66449
ORD0095089,17.44,0.93822
ORD0095090,11.88,0.10805
ORD0095091,9.72,0.15565
ORD0095092,11.21,0.25869
ORD0095093,10.14,0.40964
ORD0095094,21.04,0.5175
ORD0095095,14.81,0.27397
ORD0095096,15.99,0.89805
ORD0095097,12.87,0.42322
ORD0095098,13.51,0.00461
ORD0095099,10.68,0.14653
ORD0095100,15.1,0.01457
ORD0095101,31.33,0.03557
ORD0095102,15.16,0.108
ORD0095103,9.73,0.00133
ORD0095104,10.27,0.00347
ORD0095105,10.14,0.00257
ORD0095106,12.78,0.00121
ORD0095107,12.98,0.00366
ORD0095108,15.18,0.00546
ORD0095109,13.31,0.68791
ORD0095110,14.83,0.02357
ORD0095111,15.45,0.00262
ORD0095112,20.21,0.22033
ORD0095113,29.1,0.50679
ORD0095114,16.84,0.0116
ORD0095115,15.98,0.00286
ORD0095116,12.2,0.0702
ORD0095117,16.8,0.00322
ORD0095118,19.58,0.96073
ORD0095119,15.58,0.70591
ORD0095120,15.73,0.99737
ORD0095121,14.65,0.98188
ORD0095122,16.86,0.00647
ORD0095123,16.14,0.00122
ORD0095124,15.37,0.00829
ORD0095125,23.16,0.98866
ORD0095126,12.78,0.0163
ORD0095127,12.18,0.0036
ORD0095128,15.31,0.02909
ORD0095129,18.75,0.00574
ORD0095130,23.08,0.15394
ORD0095131,13.24,0.00818
ORD0095132,13.0,0.02511
ORD0095133,18.34,0.34929
ORD0095134,17.26,0.93434
ORD0095135,17.95,0.01084
ORD0095136,25.08,0.01333
ORD0095137,33.25,0.00131
ORD0095138,14.01,0.96305
ORD0095139,15.65,0.0729
ORD0095140,12.95,0.00652
ORD0095141,61.51,0.00387
ORD0095142,40.06,0.26805
ORD0095143,25.19,0.00184
ORD0095144,21.94,0.03538
ORD0095145,19.13,0.13625
ORD0095146,14.19,0.00506
ORD0095147,11.89,0.06058
ORD0095148,24.92,0.18543
ORD0095149,21.16,0.61656
ORD0095150,15.84,0.01783
ORD0095151,14.21,0.50169
ORD0095152,19.84,0.90751
ORD0095153,11.03,0.07004
ORD0095154,12.9,0.17906
ORD0095155,13.61,0.19488
ORD0095156,14.11,0.27095
ORD0095157,13.0,0.19588
ORD0095158,33.44,0.03043
ORD0095159,23.41,0.02824
ORD0095160,16.16,0.54626
ORD0095161,15.21,0.39627
ORD0095162,20.53,0.0391
ORD0095163,20.23,0.06676
ORD0095164,21.0,0.15669
ORD0095165,13.63,0.13437
ORD0095166,19.69,0.07992
ORD0095167,13.29,0.09818
ORD0095168,15.17,0.04347
ORD0095169,12.25,0.11695
ORD0095170,10.73,0.02266
ORD0095171,15.45,0.00614
ORD0095172,13.81,0.29977
ORD0095173,11.75,0.03673
ORD0095174,13.71,0.03444
ORD0095175,10.11,0.06569
ORD0095176,15.3,0.08056
ORD0095177,9.85,0.13126
ORD0095178,8.65,0.10559
ORD0095179,9.07,0.21348
ORD0095180,18.18,0.2478
ORD0095181,10.44,0.41333
ORD0095182,10.75,0.48524
ORD0095183,11.41,0.00326
ORD0095184,10.2,0.00092
ORD0095185,11.16,0.00086
ORD0095186,9.88,0.00427
ORD0095187,9.26,0.00087
ORD0095188,9.72,0.0053
ORD0095189,9.94,0.00144
ORD0095190,10.26,0.02177
ORD0095191,10.37,0.00228
ORD0095192,14.03,0.16858
ORD0095193,9.6,0.00237
ORD0095194,9.34,0.00139
ORD0095195,9.8,0.00042
ORD0095196,14.73,0.01474
ORD0095197,14.66,0.85846
ORD0095198,23.54,0.0044
ORD0095199,23.1,0.5996
ORD0095200,11.78,0.02715
ORD0095201,16.25,0.13276
ORD0095202,13.6,0.97964
ORD0095203,31.4,0.00093
ORD0095204,113.71,0.01931
ORD0095205,17.97,0.06833
ORD0095206,20.26,0.3523
ORD0095207,22.56,0.19217
ORD0095208,22.15,0.90726
ORD0095209,12.27,0.00708
ORD0095210,11.31,0.0114
ORD0095211,21.42,0.98918
ORD0095212,23.27,0.80045
ORD0095213,15.57,0.03475
ORD0095214,17.86,0.10561
ORD0095215,15.07,0.40716
ORD0095216,13.57,0.25201
ORD0095217,9.57,0.12778
ORD0095218,8.9,0.12257
ORD0095219,13.79,0.60121
ORD0095220,12.39,0.3179
ORD0095221,24.77,0.95036
ORD0095222,14.14,0.57314
ORD0095223,15.78,0.21188
ORD0095224,13.52,0.50424
ORD0095225,11.43,0.12616
ORD0095226,13.75,0.87511
ORD0095227,10.72,0.18731
ORD0095228,16.95,0.3131
ORD0095229,14.46,0.26257
ORD0095230,17.33,0.44524
ORD0095231,13.43,0.44138
ORD0095232,59.74,0.02633
ORD0095233,18.6,0.0054
ORD0095234,12.6,0.16252
ORD0095235,14.36,0.04025
ORD0095236,21.2,0.60679
ORD0095237,53.74,0.12778
ORD0095238,20.64,0.24088
ORD0095239,23.61,0.93705
ORD0095240,29.27,0.00239
ORD0095241,11.55,0.02631
ORD0095242,11.94,0.00241
ORD0095243,12.73,0.70774
ORD0095244,10.94,0.01549
ORD0095245,15.92,0.59249
ORD0095246,14.24,0.00531
ORD0095247,18.23,0.06636
ORD0095248,15.55,0.13231
ORD0095249,20.36,0.16721
ORD0095250,13.67,0.02838
ORD0095251,28.27,0.67019
ORD0095252,22.65,0.46695
ORD0095253,35.66,0.93102
ORD0095254,14.85,0.00356
ORD0095255,12.69,0.00379
ORD0095256,15.61,0.28552
ORD0095257,14.39,0.07662
ORD0095258,18.45,0.00767
ORD0095259,14.45,0.00566
ORD0095260,17.22,0.5354
ORD0095261,21.54,0.90217
ORD0095262,17.6,0.95582
ORD0095263,24.88,0.02917
ORD0095264,15.97,0.01173
ORD0095265,23.57,0.98884
ORD0095266,25.53,0.99469
ORD0095267,68.54,0.07519
ORD0095268,84.16,0.96753
ORD0095269,84.88,0.02348
ORD0095270,48.44,0.00593
ORD0095271,31.86,0.00885
ORD0095272,47.61,0.00144
ORD0095273,16.1,0.00799
ORD0095274,13.45,0.12534
ORD0095275,16.87,0.08253
ORD0095276,17.1,0.37974
ORD0095277,27.14,0.00614
ORD0095278,19.43,0.00686
ORD0095279,12.84,0.23586
ORD0095280,15.95,0.16712
ORD0095281,27.46,0.71862
ORD0095282,21.73,0.87075
ORD0095283,21.71,0.96833
ORD0095284,29.89,0.09929
ORD0095285,17.15,0.42334
ORD0095286,23.5,0.98728
ORD0095287,19.84,0.08194
ORD0095288,20.26,0.12837
ORD0095289,31.45,0.24302
ORD0095290,17.44,0.00913
ORD0095291,15.9,0.00521
ORD0095292,30.65,0.58006
ORD0095293,21.24,0.18968
ORD0095294,17.26,0.05457
ORD0095295,19.9,0.01907
ORD0095296,21.36,0.95007
ORD0095297,24.11,0.99271
ORD0095298,17.07,0.17728
ORD0095299,12.46,0.20088
ORD0095300,11.55,0.05925
ORD0095301,19.85,0.78654
ORD0095302,16.36,0.42109
ORD0095303,24.85,0.9584
ORD0095304,17.05,0.45824
ORD0095305,34.52,0.10322
ORD0095306,27.21,0.05953
ORD0095307,24.86,0.99227
ORD0095308,21.42,0.74035
ORD0095309,26.93,0.21247
ORD0095310,18.67,0.18993
ORD0095311,19.74,0.67458
ORD0095312,17.06,0.29166
ORD0095313,24.66,0.10131
ORD0095314,23.96,0.07892
ORD0095315,15.59,0.11679
ORD0095316,18.95,0.1426
ORD0095317,21.18,0.04976
ORD0095318,14.08,0.05408
ORD0095319,16.22,0.23949
ORD0095320,15.58,0.16399
ORD0095321,11.81,0.04354
ORD0095322,20.25,0.75554
ORD0095323,18.16,0.28159
ORD0095324,24.33,0.28861
ORD0095325,16.05,0.02562
ORD0095326,16.21,0.11877
ORD0095327,11.56,0.13922
ORD0095328,15.5,0.23143
ORD0095329,9.64,0.04442
ORD0095330,9.6,0.03871
ORD0095331,13.41,0.13205
ORD0095332,13.44,0.13685
ORD0095333,11.82,0.39744
ORD0095334,12.13,0.05972
ORD0095335,10.25,0.00584
ORD0095336,13.36,0.00162
ORD0095337,12.49,0.00105
ORD0095338,11.69,0.23542
ORD0095339,11.75,0.01199
ORD0095340,10.1,0.00494
ORD0095341,10.63,0.00286
ORD0095342,11.64,0.69966
ORD0095343,10.78,0.0244
ORD0095344,14.51,0.94498
ORD0095345,12.52,0.12699
ORD0095346,13.32,0.94411
ORD0095347,11.59,0.25614
ORD0095348,10.37,0.00929
ORD0095349,13.76,0.00454
ORD0095350,19.03,0.00261
ORD0095351,20.04,0.00269
ORD0095352,12.1,0.01219
ORD0095353,17.01,0.07149
ORD0095354,13.31,0.01018
ORD0095355,30.42,0.00127
ORD0095356,67.6,0.00321
ORD0095357,62.67,0.00414
ORD0095358,63.77,0.00911
ORD0095359,63.68,0.00106
ORD0095360,105.92,0.42118
ORD0095361,52.19,0.00047
ORD0095362,21.24,0.04579
ORD0095363,12.41,0.00507
ORD0095364,20.43,0.08897
ORD0095365,27.6,0.02928
ORD0095366,24.08,0.30262
ORD0095367,15.88,0.00295
ORD0095368,25.06,0.77607
ORD0095369,21.78,0.16586
ORD0095370,16.53,0.00759
ORD0095371,18.34,0.464
ORD0095372,11.49,0.10065
ORD0095373,16.67,0.61052
ORD0095374,16.56,0.6131
ORD0095375,25.5,0.96126
ORD0095376,27.19,0.94211
ORD0095377,17.04,0.26984
ORD0095378,16.91,0.35328
ORD0095379,15.41,0.59197
ORD0095380,15.35,0.28133
ORD0095381,16.2,0.94188
ORD0095382,13.81,0.54201
ORD0095383,24.72,0.44727
ORD0095384,18.42,0.5945
ORD0095385,15.0,0.48615
ORD0095386,19.83,0.0086
ORD0095387,20.86,0.09203
ORD0095388,24.56,0.00333
ORD0095389,53.98,0.23307
ORD0095390,44.8,0.01163
ORD0095391,22.65,0.46989
ORD0095392,23.97,0.04046
ORD0095393,11.19,0.00623
ORD0095394,11.18,0.00302
ORD0095395,11.46,0.05565
ORD0095396,10.0,0.01226
ORD0095397,14.27,0.01597
ORD0095398,14.26,0.00429
ORD0095399,19.34,0.01918
ORD0095401,21.04,0.01734
ORD0095402,18.48,0.17742
ORD0095403,31.37,0.05157
ORD0095404,37.97,0.15994
ORD0095405,28.48,0.8401
ORD0095406,18.78,0.00374
ORD0095408,13.6,0.01234
ORD0095409,14.82,0.02925
ORD0095410,17.31,0.00758
ORD0095411,21.44,0.17609
ORD0095412,20.01,0.55583
ORD0095413,24.48,0.00494
ORD0095414,18.92,0.03413
ORD0095415,26.58,0.84683
ORD0095416,118.05,0.00601
ORD0095417,14.36,0.00832
ORD0095418,17.33,0.02945
ORD0095419,15.05,0.03473
ORD0095420,26.55,0.0039
ORD0095421,14.48,0.02668
ORD0095422,9.91,0.07925
ORD0095423,18.43,0.12483
ORD0095424,16.9,0.32158
ORD0095425,18.68,0.0556
ORD0095426,25.45,0.84813
ORD0095427,25.41,0.50465
ORD0095428,28.95,0.01352
ORD0095429,34.94,0.01593
ORD0095430,22.66,0.87171
ORD0095431,14.81,0.00371
ORD0095432,22.48,0.00668
ORD0095433,22.34,0.11746
ORD0095434,17.39,0.00988
ORD0095435,30.99,0.38402
ORD0095436,23.4,0.0403
ORD0095437,21.39,0.00607
ORD0095438,20.08,0.84786
ORD0095439,13.67,0.16161
ORD0095440,22.27,0.98181
ORD0095441,11.26,0.06987
ORD0095442,16.08,0.07765
ORD0095443,17.63,0.43388
ORD0095444,20.83,0.61955
ORD0095445,28.11,0.03646
ORD0095446,18.32,0.76443
ORD0095447,19.52,0.83314
ORD0095448,30.01,0.04801
ORD0095449,27.99,0.5968
ORD0095450,27.5,0.30718
ORD0095451,57.7,0.23877
ORD0095452,52.04,0.01198
ORD0095453,31.81,0.36006
ORD0095454,18.38,0.56363
ORD0095455,19.03,0.01903
ORD0095456,18.24,0.14553
ORD0095457,14.37,0.84231
ORD0095458,15.66,0.06104
ORD0095459,47.79,0.00575
ORD0095460,18.41,0.36509
ORD0095461,12.9,0.45665
ORD0095462,16.7,0.11463
ORD0095463,18.13,0.16206
ORD0095464,17.97,0.04201
ORD0095465,17.9,0.06704
ORD0095466,11.14,0.00606
ORD0095467,14.95,0.61782
ORD0095468,35.82,0.00626
ORD0095469,54.78,0.00816
ORD0095470,13.65,0.10301
ORD0095471,14.7,0.28057
ORD0095472,16.53,0.23963
ORD0095473,11.7,0.51276
ORD0095474,11.46,0.00285
ORD0095475,9.78,0.00402
ORD0095476,12.56,0.00129
ORD0095477,11.8,0.00103
ORD0095478,10.8,0.00548
ORD0095479,9.83,0.00045
ORD0095480,10.88,0.01099
ORD0095481,11.48,0.00804
ORD0095482,11.72,0.02348
ORD0095483,10.71,0.08648
ORD0095484,9.51,0.00976
ORD0095485,9.2,0.00169
ORD0095486,9.39,0.00263
ORD0095487,17.14,0.00697
ORD0095488,16.88,0.01274
ORD0095489,24.55,0.00267
ORD0095490,25.02,0.00577
ORD0095491,11.44,0.0159
ORD0095492,11.77,0.05879
ORD0095493,20.05,0.13239
ORD0095494,24.95,0.03496
ORD0095495,16.97,0.06937
ORD0095496,20.42,0.17751
ORD0095497,20.54,0.29363
ORD0095498,24.86,0.54193
ORD0095499,18.21,0.00353
ORD0095500,23.96,0.84384
ORD0095501,18.15,0.02079
ORD0095502,16.32,0.01835
ORD0095503,22.05,0.53178
ORD0095504,14.06,0.01286
ORD0095505,14.22,0.16647
ORD0095506,17.9,0.82835
ORD0095507,25.32,0.97029
ORD0095508,15.28,0.0265
ORD0095509,21.24,0.28877
ORD0095510,15.97,0.18668
ORD0095511,12.68,0.45924
ORD0095512,12.13,0.56124
ORD0095513,23.22,0.70971
ORD0095514,18.5,0.37125
ORD0095515,16.06,0.9584
ORD0095516,20.28,0.01654
ORD0095517,15.31,0.02148
ORD0095518,21.72,0.10408
ORD0095519,19.34,0.27464
ORD0095520,58.05,0.37707
ORD0095521,51.28,0.72478
ORD0095522,23.06,0.6828
ORD0095523,27.14,0.93561
ORD0095524,10.41,0.00625
ORD0095525,12.41,0.01941
ORD0095526,10.56,0.0067
ORD0095527,14.45,0.00573
ORD0095528,10.39,0.00385
ORD0095529,12.92,0.05556
ORD0095530,15.28,0.64563
ORD0095531,19.23,0.03985
ORD0095532,13.46,0.01089
ORD0095533,22.61,0.13536
ORD0095534,33.09,0.53363
ORD0095535,28.56,0.5052
ORD0095536,28.38,0.98829
ORD0095537,18.15,0.00894
ORD0095538,15.0,0.02651
ORD0095540,16.14,0.01136
ORD0095541,12.78,0.00355
ORD0095542,16.76,0.54704
ORD0095543,17.97,0.91629
ORD0095544,15.07,0.8243
ORD0095545,19.91,0.00898
ORD0095546,19.18,0.01801
ORD0095547,23.98,0.98855
ORD0095548,19.28,0.99712
ORD0095549,14.15,0.01
ORD0095550,15.9,0.03008
ORD0095551,12.45,0.04297
ORD0095552,28.96,0.00951
ORD0095553,20.73,0.01061
ORD0095554,14.43,0.12188
ORD0095555,14.11,0.00551
ORD0095556,14.14,0.46163
ORD0095557,15.49,0.01113
ORD0095558,24.71,0.91555
ORD0095559,22.26,0.45923
ORD0095560,19.69,0.02908
ORD0095561,32.56,0.12162
ORD0095562,36.24,0.00147
ORD0095563,19.56,0.88765
ORD0095564,17.24,0.07572
ORD0095565,19.19,0.04114
ORD0095566,13.88,0.02843
ORD0095567,87.3,0.00461
ORD0095568,33.58,0.19704
ORD0095569,24.27,0.16293
ORD0095570,17.27,0.00475
ORD0095571,14.62,0.01766
ORD0095572,34.08,0.40888
ORD0095573,20.82,0.02312
ORD0095574,17.05,0.86953
ORD0095575,13.1,0.34858
ORD0095576,21.75,0.97325
ORD0095577,17.48,0.70989
ORD0095578,12.12,0.09683
ORD0095579,12.72,0.06718
ORD0095580,15.95,0.66538
ORD0095581,19.12,0.91449
ORD0095582,33.71,0.1383
ORD0095583,26.67,0.09089
ORD0095584,21.12,0.98058
ORD0095585,23.52,0.3327
ORD0095586,18.5,0.64875
ORD0095587,19.48,0.1043
ORD0095588,34.83,0.17416
ORD0095589,21.73,0.09986
ORD0095590,15.35,0.30165
ORD0095591,16.17,0.22543
ORD0095592,15.29,0.1172
ORD0095593,12.95,0.15533
ORD0095594,16.13,0.44349
ORD0095595,13.96,0.15893
ORD0095596,18.53,0.3782
ORD0095597,20.65,0.86355
ORD0095598,15.6,0.13188
ORD0095599,15.91,0.09224
ORD0095600,15.97,0.48114
ORD0095601,12.01,0.69409
ORD0095602,16.55,0.79407
ORD0095603,15.18,0.9613
ORD0095604,26.3,0.01
ORD0095605,8.19,0.05385
ORD0095606,16.27,0.20251
ORD0095607,10.67,0.12307
ORD0095608,10.8,0.58823
ORD0095609,11.04,0.37922
ORD0095610,10.47,0.00837
ORD0095611,10.86,0.00557
ORD0095612,12.27,0.00303
ORD0095613,11.01,0.00134
ORD0095614,10.96,0.01244
ORD0095615,10.94,0.01287
ORD0095616,9.93,0.00305
ORD0095617,9.5,0.00203
ORD0095618,10.66,0.03222
ORD0095619,11.09,0.42568
ORD0095620,10.81,0.026
ORD0095621,11.48,0.85745
ORD0095622,13.8,0.92124
ORD0095623,10.95,0.00414
ORD0095624,14.6,0.36522
ORD0095625,22.54,0.16152
ORD0095626,18.03,0.96234
ORD0095627,13.89,0.00089
ORD0095628,16.26,0.99159
ORD0095629,11.1,0.00113
ORD0095630,16.89,0.10055
ORD0095631,19.05,0.02246
ORD0095632,22.44,0.70631
ORD0095633,20.88,0.00871
ORD0095634,21.7,0.95894
ORD0095635,17.54,0.1361
ORD0095636,13.55,0.00888
ORD0095637,11.78,0.00097
ORD0095638,22.1,0.99351
ORD0095639,19.33,0.59566
ORD0095640,15.12,0.14529
ORD0095641,19.7,0.00505
ORD0095642,24.49,0.00218
ORD0095643,18.94,0.47219
ORD0095644,16.42,0.65361
ORD0095645,9.66,0.07386
ORD0095646,9.57,0.24735
ORD0095647,14.86,0.69365
ORD0095648,14.52,0.90015
ORD0095649,26.89,0.93336
ORD0095650,18.31,0.18634
ORD0095651,14.73,0.44453
ORD0095652,27.28,0.03187
ORD0095653,18.64,0.21109
ORD0095654,12.37,0.66669
ORD0095655,14.29,0.58189
ORD0095656,23.54,0.58851
ORD0095657,17.25,0.44997
ORD0095658,22.56,0.91041
ORD0095659,18.26,0.01185
ORD0095660,19.04,0.03388
ORD0095661,19.53,0.01288
ORD0095662,50.12,0.12778
ORD0095663,34.25,0.02074
ORD0095664,19.68,0.48414
ORD0095665,9.73,0.00272
ORD0095666,9.58,0.01037
ORD0095667,12.44,0.00361
ORD0095668,16.9,0.0208
ORD0095669,18.14,0.09637
ORD0095670,26.22,0.34447
ORD0095671,18.06,0.10623
ORD0095672,30.11,0.87765
ORD0095673,24.16,0.34316
ORD0095674,15.05,0.00702
ORD0095675,10.34,0.00453
ORD0095676,12.62,0.00913
ORD0095677,17.97,0.00722
ORD0095678,14.84,0.00522
ORD0095679,22.62,0.97746
ORD0095680,14.85,0.6642
ORD0095681,14.64,0.13732
ORD0095682,13.85,0.97768
ORD0095683,17.18,0.02755
ORD0095684,18.89,0.44497
ORD0095685,27.34,0.97377
ORD0095686,12.49,0.03005
ORD0095687,12.85,0.00634
ORD0095688,12.84,0.21728
ORD0095689,20.1,0.01073
ORD0095690,19.9,0.00484
ORD0095691,13.58,0.0195
ORD0095692,15.48,0.12509
ORD0095693,14.67,0.02232
ORD0095694,19.61,0.74487
ORD0095695,19.05,0.12029
ORD0095696,18.18,0.27098
ORD0095697,17.54,0.35172
ORD0095698,30.12,0.00762
ORD0095699,16.77,0.67605
ORD0095700,17.78,0.82782
ORD0095701,18.63,0.00329
ORD0095702,28.03,0.10751
ORD0095703,21.69,0.04986
ORD0095704,17.43,0.00862
ORD0095705,19.73,0.21759
ORD0095706,19.52,0.21423
ORD0095707,15.88,0.01544
ORD0095708,18.98,0.01088
ORD0095709,18.27,0.57509
ORD0095710,14.0,0.59513
ORD0095711,17.89,0.9548
ORD0095712,16.93,0.93811
ORD0095713,10.6,0.07765
ORD0095714,28.86,0.00382
ORD0095715,22.66,0.00462
ORD0095716,14.51,0.32544
ORD0095717,13.91,0.15039
ORD0095718,19.66,0.70028
ORD0095719,13.0,0.13515
ORD0095720,28.14,0.07235
ORD0095721,20.44,0.9466
ORD0095722,15.31,0.33574
ORD0095723,20.2,0.16962
ORD0095724,23.24,0.09826
ORD0095725,17.3,0.31222
ORD0095726,21.61,0.10195
ORD0095727,19.34,0.07042
ORD0095728,16.16,0.13005
ORD0095729,12.73,0.09466
ORD0095730,11.21,0.03937
ORD0095731,13.28,0.14955
ORD0095732,14.01,0.09057
ORD0095733,13.44,0.11882
ORD0095734,19.06,0.08045
ORD0095735,12.46,0.02855
ORD0095736,13.32,0.31956
ORD0095737,10.24,0.19182
ORD0095738,12.87,0.8812
ORD0095739,11.27,0.56186
ORD0095740,8.33,0.11392
ORD0095741,7.65,0.11552
ORD0095742,11.37,0.2347
ORD0095743,11.15,0.2723
ORD0095744,10.05,0.34204
ORD0095745,11.37,0.44981
ORD0095746,10.56,0.00752
ORD0095747,11.66,0.00133
ORD0095748,11.83,0.00131
ORD0095749,11.88,0.05234
ORD0095750,10.65,0.01016
ORD0095751,9.63,0.00225
ORD0095752,10.27,0.00464
ORD0095753,10.27,0.15158
ORD0095754,11.51,0.42873
ORD0095755,11.61,0.60853
ORD0095756,9.54,0.02251
ORD0095757,9.68,0.00352
ORD0095758,14.46,0.00321
ORD0095759,18.91,0.00213
ORD0095760,18.24,0.00251
ORD0095761,12.33,0.00503
ORD0095762,13.95,0.00533
ORD0095763,16.78,0.01469
ORD0095764,11.37,0.00693
ORD0095765,21.29,0.00618
ORD0095766,15.05,0.02704
ORD0095767,17.82,0.04135
ORD0095768,19.81,0.07155
ORD0095769,24.89,0.04746
ORD0095770,16.69,0.00377
ORD0095771,10.88,0.00582
ORD0095772,21.42,0.4434
ORD0095773,15.41,0.00441
ORD0095774,19.69,0.00662
ORD0095775,67.34,0.00186
ORD0095776,26.39,0.00075
ORD0095777,15.25,0.3739
ORD0095778,9.15,0.06933
ORD0095779,9.0,0.06924
ORD0095780,13.93,0.58855
ORD0095781,23.28,0.95183
ORD0095782,21.43,0.17927
ORD0095783,12.53,0.14304
ORD0095784,13.47,0.1776
ORD0095785,12.22,0.48721
ORD0095786,12.07,0.29908
ORD0095787,11.96,0.63626
ORD0095788,21.38,0.54666
ORD0095789,16.7,0.82471
ORD0095790,12.49,0.51696
ORD0095791,35.61,0.28286
ORD0095792,20.12,0.00945
ORD0095793,15.98,0.00918
ORD0095794,18.66,0.0541
ORD0095795,48.87,0.10334
ORD0095796,30.33,0.01917
ORD0095797,21.07,0.44858
ORD0095798,22.23,0.06524
ORD0095799,9.2,0.00273
ORD0095800,9.68,0.00249
ORD0095801,9.19,0.00998
ORD0095802,9.38,0.00306
ORD0095803,12.74,0.00221
ORD0095804,13.92,0.10015
ORD0095805,13.14,0.01093
ORD0095806,19.02,0.16244
ORD0095807,22.17,0.00873
ORD0095808,25.23,0.48725
ORD0095809,10.65,0.00254
ORD0095810,12.52,0.00556
ORD0095811,10.6,0.04924
ORD0095812,11.61,0.00445
ORD0095813,14.3,0.00309
ORD0095814,11.41,0.00101
ORD0095815,18.8,0.93139
ORD0095816,15.68,0.89421
ORD0095817,15.67,0.99476
ORD0095818,13.06,0.62072
ORD0095819,14.68,0.00393
ORD0095820,17.43,0.66201
ORD0095821,100.25,0.00608
ORD0095822,30.93,0.00399
ORD0095823,12.44,0.39399
ORD0095824,10.81,0.00441
ORD0095825,15.69,0.95336
ORD0095826,11.68,0.00964
ORD0095827,20.51,0.00234
ORD0095828,13.94,0.00069
ORD0095829,10.17,0.01545
ORD0095830,9.35,0.06913
ORD0095831,11.89,0.06609
ORD0095832,12.59,0.52425
ORD0095833,14.78,0.29514
ORD0095834,17.26,0.77832
ORD0095835,14.52,0.83974
ORD0095836,14.47,0.97846
ORD0095837,18.25,0.01389
ORD0095838,21.45,0.00494
ORD0095839,13.43,0.95739
ORD0095840,16.14,0.00371
ORD0095841,15.95,0.00151
ORD0095842,22.49,0.16387
ORD0095843,17.99,0.12557
ORD0095844,11.37,0.00887
ORD0095845,11.23,0.01233
ORD0095846,28.06,0.6912
ORD0095847,21.22,0.64222
ORD0095848,13.88,0.03897
ORD0095849,17.43,0.02222
ORD0095850,14.23,0.96022
ORD0095851,12.53,0.9142
ORD0095852,16.47,0.98617
ORD0095853,16.9,0.98158
ORD0095854,10.45,0.11657
ORD0095855,10.09,0.10186
ORD0095856,14.59,0.14302
ORD0095857,15.04,0.13905
ORD0095858,13.89,0.17962
ORD0095859,12.69,0.21348
ORD0095860,22.15,0.02576
ORD0095861,21.76,0.04565
ORD0095862,16.12,0.44704
ORD0095863,14.47,0.06551
ORD0095864,16.2,0.14968
ORD0095865,14.91,0.09665
ORD0095866,20.2,0.06758
ORD0095867,18.15,0.03303
ORD0095868,13.52,0.0969
ORD0095869,12.57,0.05578
ORD0095870,12.64,0.07727
ORD0095871,11.23,0.03357
ORD0095872,12.92,0.18946
ORD0095873,10.19,0.06336
ORD0095874,24.41,0.00381
ORD0095875,11.53,0.12629
ORD0095876,12.91,0.12421
ORD0095877,15.59,0.08575
ORD0095878,14.07,0.07706
ORD0095879,10.95,0.01776
ORD0095880,12.74,0.05107
ORD0095881,10.3,0.45068
ORD0095882,13.8,0.3964
ORD0095883,13.08,0.88243
ORD0095884,10.28,0.78347
ORD0095885,7.2,0.03489
ORD0095886,7.18,0.04069
ORD0095887,9.87,0.08355
ORD0095888,9.04,0.1496
ORD0095889,9.1,0.14079
ORD0095890,8.63,0.00283
ORD0095891,9.51,0.00069
ORD0095892,8.55,0.00512
ORD0095893,8.11,0.00432
ORD0095894,7.5,0.00093
ORD0095895,7.67,0.00135
ORD0095896,8.02,0.01371
ORD0095897,8.6,0.01208
ORD0095898,8.95,0.04619
ORD0095899,9.66,0.03778
ORD0095900,10.08,0.29597
ORD0095901,7.66,0.0014
ORD0095902,7.61,0.0019
ORD0095903,14.91,0.00212
ORD0095904,11.83,0.00881
ORD0095905,21.3,0.00118
ORD0095906,23.39,0.00413
ORD0095907,9.08,0.00345
ORD0095908,10.53,0.03738
ORD0095909,10.94,0.00803
ORD0095910,15.55,0.05103
ORD0095911,14.75,0.06703
ORD0095912,17.63,0.00654
ORD0095913,16.47,0.24225
ORD0095914,16.04,0.00962
ORD0095915,10.89,0.00438
ORD0095916,8.86,0.00252
ORD0095917,15.55,0.81845
ORD0095918,17.78,0.04816
ORD0095919,14.8,0.01352
ORD0095920,13.06,0.30652
ORD0095921,12.84,0.34756
ORD0095922,7.06,0.04794
ORD0095923,7.27,0.10181
ORD0095924,10.83,0.47422
ORD0095925,9.89,0.5501
ORD0095926,20.71,0.83686
ORD0095927,18.77,0.93121
ORD0095928,15.74,0.11726
ORD0095929,9.85,0.17097
ORD0095930,16.65,0.3409
ORD0095931,10.08,0.45264
ORD0095932,18.29,0.47916
ORD0095933,14.36,0.45696
ORD0095934,13.87,0.58446
ORD0095935,12.28,0.81382
ORD0095936,12.15,0.00129
ORD0095937,11.29,0.0167
ORD0095938,14.56,0.00961
ORD0095939,32.48,0.02071
ORD0095940,13.22,0.06416
ORD0095941,9.87,0.0077
ORD0095942,10.16,0.00173
ORD0095943,10.78,0.3075
ORD0095944,13.29,0.17847
ORD0095945,12.75,0.00149
ORD0095946,12.94,0.00425
ORD0095947,11.2,0.01773
ORD0095948,16.96,0.04262
ORD0095949,14.74,0.00368
ORD0095950,26.18,0.18322
ORD0095951,28.44,0.68675
ORD0095952,19.04,0.06402
ORD0095953,12.02,0.00268
ORD0095954,11.0,0.00291
ORD0095955,13.83,0.00598
ORD0095956,21.72,0.96132
ORD0095957,13.55,0.07113
ORD0095958,12.87,0.01102
ORD0095959,13.96,0.26033
ORD0095960,19.94,0.00926
ORD0095961,16.26,0.00087
ORD0095962,12.22,0.03754
ORD0095963,22.2,0.99077
ORD0095964,11.06,0.00469
ORD0095965,11.71,0.00499
ORD0095966,13.92,0.00793
ORD0095967,21.79,0.00639
ORD0095968,11.58,0.03717
ORD0095969,8.25,0.00472
ORD0095970,14.47,0.18195
ORD0095971,19.01,0.61171
ORD0095972,16.71,0.97541
ORD0095973,17.84,0.01084
ORD0095974,23.41,0.01628
ORD0095975,24.48,0.00082
ORD0095976,12.61,0.02391
ORD0095977,13.8,0.01526
ORD0095978,15.13,0.01051
ORD0095979,77.78,0.00482
ORD0095980,74.11,0.03794
ORD0095981,24.48,0.00145
ORD0095982,20.06,0.09912
ORD0095983,22.18,0.00698
ORD0095984,13.21,0.01344
ORD0095985,12.44,0.00971
ORD0095986,24.42,0.41819
ORD0095987,20.78,0.04837
ORD0095988,16.67,0.02738
ORD0095989,14.33,0.8673
ORD0095990,16.65,0.97185
ORD0095991,10.98,0.14872
ORD0095992,53.76,0.0013
ORD0095993,12.53,0.21755
ORD0095994,13.73,0.20539
ORD0095995,17.65,0.60503
ORD0095996,15.0,0.34393
ORD0095997,29.35,0.06402
ORD0095998,27.74,0.05286
ORD0095999,15.93,0.81613
ORD0096000,18.29,0.77489
ORD0096001,19.46,0.13221
ORD0096002,20.57,0.12896
ORD0096003,20.92,0.25151
ORD0096004,14.81,0.13932
ORD0096005,24.63,0.07486
ORD0096006,18.09,0.09754
ORD0096007,12.54,0.0704
ORD0096008,11.2,0.11779
ORD0096009,10.46,0.07594
ORD0096010,15.95,0.05488
ORD0096011,15.55,0.88072
ORD0096012,11.62,0.01861
ORD0096013,9.84,0.13999
ORD0096014,9.4,0.03357
ORD0096015,11.78,0.30636
ORD0096016,8.95,0.10262
ORD0096017,7.67,0.04548
ORD0096018,9.16,0.08138
ORD0096019,11.35,0.0975
ORD0096020,9.96,0.1813
ORD0096021,9.96,0.18969
ORD0096022,10.19,0.00491
ORD0096023,9.5,0.00062
ORD0096024,10.96,0.00081
ORD0096025,9.85,0.00718
ORD0096026,9.08,0.0009
ORD0096027,9.94,0.02807
ORD0096028,10.02,0.00114
ORD0096029,11.03,0.1664
ORD0096030,9.33,0.0014
ORD0096031,12.75,0.51198
ORD0096032,9.24,0.00186
ORD0096033,9.27,0.00223
ORD0096034,9.09,0.00046
ORD0096035,13.62,0.0017
ORD0096036,13.62,0.18027
ORD0096037,19.01,0.00162
ORD0096038,25.49,0.09972
ORD0096039,11.88,0.004
ORD0096040,11.63,0.00716
ORD0096041,15.16,0.90227
ORD0096042,20.61,0.03362
ORD0096043,14.9,0.06703
ORD0096044,16.85,0.04709
ORD0096045,23.22,0.13591
ORD0096046,9.99,0.00267
ORD0096047,10.62,0.00578
ORD0096048,20.82,0.68544
ORD0096049,21.59,0.27521
ORD0096050,16.56,0.01084
ORD0096051,16.15,0.03179
ORD0096052,17.74,0.4272
ORD0096053,15.03,0.21873
ORD0096054,8.87,0.12756
ORD0096055,8.95,0.13071
ORD0096056,12.08,0.68368
ORD0096057,12.85,0.39592
ORD0096058,21.58,0.9428
ORD0096059,18.28,0.66612
ORD0096060,12.54,0.25076
ORD0096061,13.16,0.25929
ORD0096062,11.76,0.26149
ORD0096063,11.16,0.42446
ORD0096064,11.28,0.4304
ORD0096065,23.45,0.14762
ORD0096066,20.05,0.45381
ORD0096067,13.83,0.24263
ORD0096068,12.98,0.44622
ORD0096069,17.82,0.00446
ORD0096070,11.72,0.00807
ORD0096071,17.72,0.01986
ORD0096072,14.12,0.03965
ORD0096073,32.21,0.07276
ORD0096074,19.46,0.16108
ORD0096075,17.46,0.13868
ORD0096076,31.09,0.00272
ORD0096077,10.87,0.00227
ORD0096078,12.64,0.06974
ORD0096079,10.96,0.0066
ORD0096080,12.75,0.93713
ORD0096081,14.08,0.00224
ORD0096082,16.35,0.90673
ORD0096083,15.28,0.00106
ORD0096084,15.5,0.07381
ORD0096085,17.33,0.02408
ORD0096086,13.94,0.01021
ORD0096087,25.37,0.07172
ORD0096088,30.14,0.48181
ORD0096089,33.27,0.18948
ORD0096090,16.74,0.00407
ORD0096091,13.39,0.00106
ORD0096092,14.43,0.00106
ORD0096093,15.17,0.03192
ORD0096094,18.65,0.00292
ORD0096095,18.54,0.00328
ORD0096096,14.37,0.00294
ORD0096097,20.27,0.88533
ORD0096098,15.53,0.0039
ORD0096099,22.46,0.0047
ORD0096100,17.86,0.00433
ORD0096101,18.63,0.01052
ORD0096102,25.73,0.98875
ORD0096103,81.66,0.04633
ORD0096104,60.66,0.05122
ORD0096105,74.76,0.03448
ORD0096106,57.81,0.05697
ORD0096107,31.88,0.00127
ORD0096108,69.85,0.00169
ORD0096109,14.24,0.00543
ORD0096110,12.92,0.02995
ORD0096111,14.16,0.01425
ORD0096112,14.18,0.06421
ORD0096113,26.27,0.00607
ORD0096114,19.54,0.00576
ORD0096115,14.55,0.04212
ORD0096116,15.55,0.1452
ORD0096117,22.87,0.45004
ORD0096118,22.14,0.38771
ORD0096119,23.71,0.94781
ORD0096120,28.0,0.01782
ORD0096121,18.3,0.98963
ORD0096122,20.52,0.9402
ORD0096123,14.47,0.00576
ORD0096124,20.38,0.02405
ORD0096125,30.23,0.29432
ORD0096126,14.48,0.01789
ORD0096127,15.81,0.02603
ORD0096128,28.8,0.83133
ORD0096129,22.89,0.46277
ORD0096130,21.87,0.08993
ORD0096131,18.87,0.09491
ORD0096132,20.6,0.98245
ORD0096133,24.21,0.99666
ORD0096134,18.48,0.90681
ORD0096135,14.22,0.21805
ORD0096136,13.27,0.27951
ORD0096137,14.43,0.2728
ORD0096138,16.1,0.32345
ORD0096139,21.07,0.45338
ORD0096140,17.44,0.52147
ORD0096141,30.86,0.03617
ORD0096142,25.7,0.05407
ORD0096143,19.42,0.72647
ORD0096144,22.7,0.89826
ORD0096145,25.38,0.04959
ORD0096146,21.07,0.19003
ORD0096147,19.37,0.26501
ORD0096148,19.43,0.3365
ORD0096149,22.73,0.08254
ORD0096150,26.16,0.0539
ORD0096151,15.62,0.13124
ORD0096152,18.74,0.0929
ORD0096153,17.86,0.05886
ORD0096154,13.85,0.0405
ORD0096155,14.78,0.19577
ORD0096156,13.14,0.15413
ORD0096157,12.97,0.02393
ORD0096158,24.38,0.1266
ORD0096159,19.2,0.00592
ORD0096160,19.64,0.03854
ORD0096161,14.34,0.04004
ORD0096162,13.4,0.02658
ORD0096163,11.53,0.06059
ORD0096164,13.59,0.135
ORD0096165,9.17,0.10021
ORD0096166,11.55,0.32966
ORD0096167,14.35,0.31366
ORD0096168,14.95,0.75925
ORD0096169,12.27,0.44453
ORD0096170,11.52,0.00663
ORD0096171,10.32,0.00275
ORD0096172,12.77,0.00122
ORD0096173,11.97,0.00105
ORD0096174,10.67,0.02255
ORD0096175,12.15,0.00411
ORD0096176,9.68,0.00162
ORD0096177,10.37,0.00158
ORD0096178,11.09,0.10214
ORD0096179,10.21,0.00622
ORD0096180,11.62,0.32122
ORD0096181,10.64,0.0182
ORD0096182,12.48,0.62848
ORD0096183,10.76,0.03891
ORD0096184,9.92,0.00307
ORD0096185,18.61,0.0032
ORD0096186,21.21,0.00585
ORD0096187,19.82,0.00283
ORD0096188,11.58,0.00571
ORD0096189,17.93,0.03961
ORD0096190,12.12,0.018
ORD0096191,30.73,0.0016
ORD0096192,56.03,0.00577
ORD0096193,48.47,0.1639
ORD0096194,72.58,0.00529
ORD0096195,59.51,0.00095
ORD0096196,89.35,0.00095
ORD0096197,19.64,0.0138
ORD0096198,15.3,0.01955
ORD0096199,19.94,0.0535
ORD0096200,24.17,0.13461
ORD0096201,26.02,0.21136
ORD0096202,15.36,0.00331
ORD0096203,22.77,0.736
ORD0096204,23.9,0.54048
ORD0096205,19.69,0.0073
ORD0096206,21.06,0.29944
ORD0096207,11.54,0.05987
ORD0096208,14.43,0.50444
ORD0096209,13.3,0.26818
ORD0096210,29.84,0.72705
ORD0096211,18.48,0.44168
ORD0096212,17.71,0.13819
ORD0096213,14.24,0.1254
ORD0096214,14.1,0.44242
ORD0096215,13.37,0.1591
ORD0096216,13.52,0.54049
ORD0096217,12.11,0.29496
ORD0096218,27.65,0.46957
ORD0096219,15.31,0.59252
ORD0096220,13.14,0.41453
ORD0096221,18.25,0.00868
ORD0096222,18.3,0.03636
ORD0096223,18.67,0.0014
ORD0096224,38.76,0.12318
ORD0096225,39.47,0.01241
ORD0096226,23.58,0.36856
ORD0096227,21.07,0.03472
ORD0096228,11.27,0.01388
ORD0096229,11.05,0.00434
ORD0096230,12.67,0.39746
ORD0096231,10.79,0.01289
ORD0096232,14.3,0.17948
ORD0096233,14.11,0.00504
ORD0096234,17.22,0.01615
ORD0096235,15.36,0.06789
ORD0096236,18.81,0.05155
ORD0096237,18.99,0.0168
ORD0096238,23.06,0.12105
ORD0096239,35.2,0.51157
ORD0096240,30.3,0.4979
ORD0096241,19.65,0.00739
ORD0096242,12.67,0.00346
ORD0096243,15.27,0.00917
ORD0096244,13.33,0.02512
ORD0096245,17.74,0.00742
ORD0096246,17.16,0.08221
ORD0096247,22.89,0.92326
ORD0096248,24.02,0.0078
ORD0096249,20.2,0.00519
ORD0096250,21.88,0.23606
ORD0096251,114.93,0.11134
ORD0096252,68.94,0.01773
ORD0096253,59.62,0.00814
ORD0096254,17.0,0.05183
ORD0096255,18.77,0.23156
ORD0096256,13.49,0.0135
ORD0096257,29.42,0.00916
ORD0096258,13.14,0.24992
ORD0096259,11.54,0.05916
ORD0096260,18.09,0.62545
ORD0096261,16.53,0.18196
ORD0096262,24.59,0.71237
ORD0096263,27.3,0.76169
ORD0096264,27.26,0.97117
ORD0096265,34.44,0.04936
ORD0096266,38.49,0.00896
ORD0096267,18.57,0.98973
ORD0096268,17.34,0.00909
ORD0096269,18.22,0.00442
ORD0096270,30.7,0.37789
ORD0096271,18.67,0.01809
ORD0096272,38.19,0.82713
ORD0096273,20.82,0.06167
ORD0096274,20.17,0.01406
ORD0096275,22.23,0.98045
ORD0096276,14.54,0.25072
ORD0096277,23.26,0.99436
ORD0096278,17.59,0.35232
ORD0096279,16.12,0.09328
ORD0096280,15.08,0.11489
ORD0096281,19.26,0.38196
ORD0096282,39.73,0.01362
ORD0096283,17.97,0.6177
ORD0096284,17.14,0.06385
ORD0096285,21.38,0.02961
ORD0096286,51.15,0.04692
ORD0096287,21.21,0.08426
ORD0096288,56.97,0.11515
ORD0096289,59.14,0.00681
ORD0096290,27.03,0.14198
ORD0096291,17.1,0.24275
ORD0096292,18.63,0.01242
ORD0096293,18.41,0.09331
ORD0096294,15.94,0.37706
ORD0096295,15.08,0.05085
ORD0096296,46.25,0.00614
ORD0096297,30.67,0.00288
ORD0096298,12.58,0.10808
ORD0096299,21.05,0.65355
ORD0096300,16.82,0.02
ORD0096301,20.76,0.25831
ORD0096302,17.92,0.06185
ORD0096303,16.78,0.1122
ORD0096304,13.59,0.35553
ORD0096305,17.67,0.65619
ORD0096306,26.36,0.00599
ORD0096307,47.68,0.00624
ORD0096308,34.47,0.00199
ORD0096309,10.51,0.10165
ORD0096310,15.64,0.25972
ORD0096311,15.41,0.17934
ORD0096312,11.75,0.49302
ORD0096313,10.14,0.0046
ORD0096314,10.4,0.04706
ORD0096315,11.97,0.00106
ORD0096316,11.99,0.00401
ORD0096317,10.09,0.00736
ORD0096318,9.25,0.00197
ORD0096319,9.89,0.0114
ORD0096320,11.05,0.3651
ORD0096321,10.5,0.05205
ORD0096322,11.93,0.31481
ORD0096323,11.43,0.82931
ORD0096324,10.88,0.02687
ORD0096325,10.27,0.01134
ORD0096326,16.98,0.02376
ORD0096327,17.32,0.00497
ORD0096328,23.3,0.00807
ORD0096329,24.74,0.00249
ORD0096330,14.81,0.09261
ORD0096331,14.29,0.01719
ORD0096332,21.25,0.5353
ORD0096333,18.92,0.01915
ORD0096334,17.21,0.01543
ORD0096335,27.07,0.09235
ORD0096336,23.89,0.26058
ORD0096337,21.26,0.03599
ORD0096338,16.43,0.00321
ORD0096339,19.65,0.72748
ORD0096340,16.77,0.01145
ORD0096341,17.33,0.0036
ORD0096342,19.1,0.65168
ORD0096343,15.57,0.01481
ORD0096344,10.16,0.16824
ORD0096345,15.89,0.91975
ORD0096346,23.21,0.98871
ORD0096347,22.44,0.05241
ORD0096348,18.7,0.43694
ORD0096349,16.17,0.37749
ORD0096350,14.53,0.61312
ORD0096351,12.15,0.47288
ORD0096352,21.84,0.47163
ORD0096353,17.98,0.20793
ORD0096354,18.3,0.6317
ORD0096355,86.98,0.15654
ORD0096356,20.36,0.04047
ORD0096357,13.12,0.06505
ORD0096358,18.72,0.41391
ORD0096359,19.05,0.35406
ORD0096360,46.01,0.93318
ORD0096361,78.61,0.84441
ORD0096362,25.7,0.98879
ORD0096363,27.55,0.95868
ORD0096364,11.07,0.09007
ORD0096365,12.7,0.9749
ORD0096366,10.32,0.01402
ORD0096367,16.28,0.94838
ORD0096368,10.21,0.00871
ORD0096369,16.72,0.01864
ORD0096371,18.73,0.0349
ORD0096373,22.03,0.1347
ORD0096374,18.89,0.03459
ORD0096375,39.18,0.52772
ORD0096376,30.89,0.17833
ORD0096377,16.15,0.00879
ORD0096378,17.04,0.01041
ORD0096380,16.97,0.00894
ORD0096382,20.76,0.11583
ORD0096383,16.48,0.47942
ORD0096385,20.43,0.00923
ORD0096386,20.14,0.00933
ORD0096387,19.37,0.86138
ORD0096389,12.6,0.00514
ORD0096390,12.08,0.01619
ORD0096391,11.65,0.01641
ORD0096392,20.72,0.00409
ORD0096393,22.2,0.00929
ORD0096394,13.84,0.03129
ORD0096395,18.08,0.46938
ORD0096396,17.35,0.1475
ORD0096397,15.62,0.07862
ORD0096398,16.18,0.04077
ORD0096399,19.09,0.21182
ORD0096400,23.63,0.95014
ORD0096401,32.9,0.01297
ORD0096402,43.65,0.10418
ORD0096403,18.3,0.66798
ORD0096404,15.38,0.35719
ORD0096405,14.24,0.00394
ORD0096406,17.34,0.01869
ORD0096407,65.65,0.00203
ORD0096408,21.54,0.06513
ORD0096409,24.32,0.41581
ORD0096410,15.81,0.00508
ORD0096411,15.89,0.04332
ORD0096412,33.75,0.61448
ORD0096413,17.85,0.01787
ORD0096414,16.92,0.8817
ORD0096415,13.64,0.82489
ORD0096416,18.01,0.97465
ORD0096417,20.43,0.98246
ORD0096418,11.11,0.09573
ORD0096419,12.69,0.26504
ORD0096420,14.65,0.67354
ORD0096421,20.18,0.92014
ORD0096422,33.29,0.09699
ORD0096423,26.59,0.15879
ORD0096424,20.28,0.99005
ORD0096425,22.24,0.27
ORD0096426,19.17,0.71879
ORD0096427,21.18,0.43821
ORD0096428,22.58,0.16898
ORD0096429,28.19,0.97373
ORD0096430,19.79,0.3369
ORD0096431,19.97,0.9938
ORD0096432,17.99,0.17045
ORD0096433,15.96,0.75919
ORD0096434,15.97,0.53481
ORD0096435,13.51,0.48391
ORD0096436,12.13,0.03912
ORD0096437,21.09,0.17568
ORD0096438,21.93,0.02675
ORD0096439,17.08,0.11171
ORD0096440,11.44,0.00931
ORD0096441,11.62,0.22178
ORD0096442,12.59,0.7704
ORD0096443,11.73,0.42261
ORD0096444,32.38,0.02209
ORD0096445,8.27,0.06376
ORD0096446,14.0,0.20256
ORD0096447,18.84,0.78175
ORD0096448,10.67,0.47348
ORD0096449,14.82,0.97433
ORD0096450,13.11,0.00184
ORD0096451,10.36,0.01709
ORD0096452,11.67,0.00208
ORD0096453,11.17,0.00206
ORD0096454,10.86,0.00243
ORD0096455,11.56,0.03572
ORD0096456,10.4,0.00066
ORD0096457,9.09,0.00314
ORD0096458,10.09,0.00334
ORD0096459,10.84,0.00882
ORD0096460,11.65,0.23966
ORD0096461,10.54,0.02655
ORD0096462,9.34,0.00459
ORD0096463,10.52,0.00808
ORD0096464,16.4,0.00442
ORD0096465,19.97,0.0057
ORD0096466,11.98,0.01309
ORD0096467,19.05,0.72424
ORD0096468,19.63,0.11817
ORD0096469,15.67,0.98552
ORD0096470,18.88,0.09332
ORD0096471,16.89,0.26854
ORD0096472,17.89,0.11758
ORD0096473,23.13,0.43925
ORD0096474,21.48,0.4466
ORD0096475,23.34,0.83101
ORD0096476,16.87,0.00509
ORD0096477,13.64,0.00808
ORD0096478,25.47,0.96719
ORD0096479,24.98,0.9927
ORD0096480,16.14,0.01567
ORD0096481,17.31,0.0202
ORD0096482,33.44,0.00198
ORD0096483,17.2,0.57416
ORD0096484,15.87,0.69074
ORD0096485,10.05,0.17625
ORD0096486,9.64,0.1687
ORD0096487,15.89,0.82991
ORD0096488,15.31,0.92974
ORD0096489,29.51,0.98342
ORD0096490,16.41,0.38303
ORD0096491,14.13,0.46191
ORD0096492,25.64,0.0324
ORD0096493,15.7,0.35091
ORD0096494,14.96,0.91268
ORD0096495,13.16,0.61314
ORD0096496,29.01,0.42453
ORD0096497,20.39,0.6055
ORD0096498,17.03,0.67877
ORD0096499,16.54,0.0147
ORD0096500,29.24,0.07106
ORD0096501,17.89,0.0086
ORD0096502,60.54,0.44024
ORD0096503,37.83,0.02498
ORD0096504,21.37,0.73322
ORD0096505,10.87,0.00682
ORD0096506,11.45,0.09314
ORD0096507,14.14,0.01579
ORD0096508,16.53,0.01712
ORD0096509,15.5,0.03125
ORD0096510,22.58,0.07049
ORD0096511,20.24,0.01438
ORD0096512,39.01,0.31322
ORD0096513,26.36,0.42739
ORD0096514,15.88,0.00455
ORD0096515,14.22,0.00854
ORD0096516,12.8,0.00674
ORD0096517,16.62,0.0078
ORD0096518,15.27,0.02994
ORD0096519,17.33,0.0884
ORD0096520,21.06,0.9716
ORD0096521,14.19,0.13859
ORD0096522,17.38,0.99828
ORD0096523,19.04,0.00503
ORD0096524,16.42,0.58978
ORD0096525,25.74,0.84788
ORD0096526,15.04,0.01083
ORD0096527,14.36,0.01052
ORD0096528,15.57,0.02424
ORD0096529,24.12,0.00565
ORD0096530,17.62,0.00359
ORD0096531,12.83,0.02133
ORD0096532,15.67,0.09026
ORD0096533,14.27,0.01316
ORD0096534,17.73,0.12918
ORD0096535,20.11,0.06467
ORD0096536,18.64,0.33396
ORD0096537,18.52,0.27879
ORD0096538,26.13,0.02896
ORD0096539,15.85,0.69761
ORD0096540,16.44,0.58101
ORD0096541,16.45,0.00606
ORD0096542,29.05,0.16889
ORD0096543,18.69,0.06417
ORD0096544,15.52,0.01034
ORD0096545,31.31,0.38406
ORD0096546,20.47,0.54733
ORD0096547,16.8,0.01055
ORD0096548,22.2,0.01897
ORD0096549,20.12,0.8134
ORD0096550,15.54,0.89361
ORD0096551,17.71,0.97041
ORD0096552,17.67,0.98499
ORD0096553,12.53,0.15299
ORD0096554,24.38,0.00477
ORD0096555,25.59,0.00533
ORD0096556,16.35,0.274
ORD0096557,13.71,0.09554
ORD0096558,15.37,0.25105
ORD0096559,13.77,0.19453
ORD0096560,27.12,0.03459
ORD0096561,15.51,0.55982
ORD0096562,16.35,0.28936
ORD0096563,26.26,0.04391
ORD0096564,21.28,0.07369
ORD0096565,17.99,0.17226
ORD0096566,18.92,0.32064
ORD0096567,20.17,0.09719
ORD0096568,17.45,0.68693
ORD0096569,13.88,0.16301
ORD0096570,13.78,0.11765
ORD0096571,15.46,0.93552
ORD0096572,13.92,0.13528
ORD0096573,14.09,0.21008
ORD0096574,16.41,0.14201
ORD0096575,14.44,0.5634
ORD0096576,16.23,0.65077
ORD0096577,10.76,0.00731
ORD0096578,16.04,0.96404
ORD0096579,11.06,0.02122
ORD0096580,9.2,0.12853
ORD0096581,10.27,0.2225
ORD0096582,14.83,0.23503
ORD0096583,12.23,0.50577
ORD0096584,10.95,0.491
ORD0096585,12.55,0.83337
ORD0096586,12.27,0.0205
ORD0096587,12.74,0.00123
ORD0096588,12.24,0.00141
ORD0096589,11.94,0.15725
ORD0096590,11.46,0.0027
ORD0096591,10.93,0.00318
ORD0096592,10.1,0.00178
ORD0096593,11.66,0.54386
ORD0096594,12.34,0.66761
ORD0096595,12.74,0.86544
ORD0096596,10.5,0.00394
ORD0096597,10.7,0.00532
ORD0096598,15.66,0.00275
ORD0096599,24.72,0.00214
ORD0096600,25.27,0.04065
ORD0096601,12.09,0.00447
ORD0096602,15.32,0.32018
ORD0096603,14.89,0.01709
ORD0096604,14.37,0.69959
ORD0096605,20.95,0.02627
ORD0096606,20.0,0.01376
ORD0096607,21.02,0.02446
ORD0096608,22.56,0.07783
ORD0096609,20.07,0.12433
ORD0096610,18.55,0.00232
ORD0096611,11.69,0.00579
ORD0096612,20.27,0.61889
ORD0096613,20.46,0.00949
ORD0096614,17.26,0.01333
ORD0096615,77.15,0.00172
ORD0096616,27.52,0.00092
ORD0096617,22.36,0.22864
ORD0096618,10.07,0.07088
ORD0096619,10.23,0.08647
ORD0096620,15.57,0.40492
ORD0096621,22.5,0.79092
ORD0096622,17.22,0.14867
ORD0096623,13.69,0.15523
ORD0096624,17.41,0.21727
ORD0096625,14.13,0.68512
ORD0096626,12.85,0.41717
ORD0096627,13.93,0.1711
ORD0096628,22.5,0.37136
ORD0096629,16.81,0.50344
ORD0096630,17.69,0.94862
ORD0096631,41.46,0.29417
ORD0096632,21.36,0.00321
ORD0096633,14.5,0.01046
ORD0096634,19.91,0.01937
ORD0096635,44.18,0.03671
ORD0096636,40.35,0.0368
ORD0096637,21.02,0.20985
ORD0096638,21.63,0.1126
ORD0096639,10.15,0.00309
ORD0096640,10.26,0.00128
ORD0096641,9.97,0.00792
ORD0096642,10.13,0.00214
ORD0096643,13.18,0.00376
ORD0096644,14.05,0.00638
ORD0096645,18.71,0.05698
ORD0096646,19.8,0.19999
ORD0096647,22.98,0.0283
ORD0096648,31.32,0.62423
ORD0096649,16.08,0.00178
ORD0096650,15.88,0.00707
ORD0096651,11.45,0.00493
ORD0096652,15.33,0.19026
ORD0096653,15.64,0.00213
ORD0096654,14.91,0.00366
ORD0096655,21.81,0.96469
ORD0096656,19.83,0.99174
ORD0096657,15.63,0.98836
ORD0096658,18.5,0.9987
ORD0096659,23.34,0.01406
ORD0096660,17.82,0.02838
ORD0096661,59.72,0.0315
ORD0096662,59.82,0.00689
ORD0096663,36.41,0.00576
ORD0096664,12.1,0.07548
ORD0096665,11.14,0.0091
ORD0096666,13.8,0.53308
ORD0096667,12.3,0.01019
ORD0096668,19.86,0.00114
ORD0096669,16.18,0.00263
ORD0096670,12.46,0.02346
ORD0096671,9.2,0.03806
ORD0096672,14.12,0.04043
ORD0096673,12.77,0.30004
ORD0096674,15.6,0.20876
ORD0096675,18.17,0.59065
ORD0096676,16.93,0.70149
ORD0096677,21.53,0.94408
ORD0096678,19.84,0.00766
ORD0096679,28.3,0.01817
ORD0096680,14.66,0.85525
ORD0096681,17.95,0.00598
ORD0096682,15.74,0.0047
ORD0096683,24.7,0.25228
ORD0096684,24.97,0.33508
ORD0096685,18.64,0.02009
ORD0096686,12.28,0.02972
ORD0096687,26.6,0.7795
ORD0096688,22.59,0.90387
ORD0096689,15.81,0.03934
ORD0096690,17.28,0.05963
ORD0096691,20.56,0.97232
ORD0096692,14.71,0.9689
ORD0096693,16.95,0.98758
ORD0096694,16.94,0.98686
ORD0096695,11.65,0.13527
ORD0096696,13.03,0.36722
ORD0096697,55.45,0.00312
ORD0096698,13.04,0.30783
ORD0096699,13.63,0.11159
ORD0096700,17.62,0.60816
ORD0096701,12.66,0.16112
ORD0096702,26.38,0.05678
ORD0096703,20.37,0.02366
ORD0096704,15.83,0.7527
ORD0096705,20.47,0.16038
ORD0096706,16.94,0.26624
ORD0096707,15.79,0.0558
ORD0096708,19.52,0.10659
ORD0096709,17.82,0.06819
ORD0096710,14.07,0.14882
ORD0096711,19.08,0.14132
ORD0096712,18.17,0.10387
ORD0096713,12.83,0.0975
ORD0096714,13.61,0.35762
ORD0096715,13.84,0.17125
ORD0096716,27.59,0.00548
ORD0096717,14.17,0.18596
ORD0096718,12.05,0.1172
ORD0096719,14.51,0.09145
ORD0096720,15.31,0.03712
ORD0096721,11.97,0.0495
ORD0096722,11.78,0.02513
ORD0096723,10.01,0.01496
ORD0096724,10.58,0.20435
ORD0096725,12.86,0.30336
ORD0096726,10.22,0.05092
ORD0096727,9.17,0.04626
ORD0096728,9.29,0.43265
ORD0096729,11.97,0.12222
ORD0096730,10.61,0.30599
ORD0096731,12.65,0.72725
ORD0096732,9.74,0.00388
ORD0096733,10.04,0.00104
ORD0096734,9.49,0.00701
ORD0096735,10.21,0.00646
ORD0096736,8.25,0.00106
ORD0096737,8.67,0.00195
ORD0096738,10.18,0.01918
ORD0096739,8.87,0.01371
ORD0096740,9.58,0.05012
ORD0096741,11.1,0.14535
ORD0096742,10.64,0.21802
ORD0096743,8.88,0.00156
ORD0096744,8.69,0.00276
ORD0096745,12.38,0.00234
ORD0096746,12.09,0.02895
ORD0096747,18.56,0.00223
ORD0096748,22.01,0.01119
ORD0096749,10.33,0.00547
ORD0096750,11.35,0.12494
ORD0096751,11.97,0.01344
ORD0096752,21.09,0.01583
ORD0096753,18.68,0.02623
ORD0096754,17.04,0.00356
ORD0096755,18.87,0.06884
ORD0096756,15.66,0.02014
ORD0096757,15.08,0.00325
ORD0096758,9.63,0.00313
ORD0096759,16.61,0.44349
ORD0096760,19.88,0.07313
ORD0096761,15.08,0.00824
ORD0096762,14.03,0.38354
ORD0096763,14.35,0.26436
ORD0096764,8.29,0.12462
ORD0096765,8.03,0.11761
ORD0096766,13.2,0.70554
ORD0096767,11.38,0.47102
ORD0096768,18.13,0.95413
ORD0096769,18.95,0.92744
ORD0096770,13.72,0.23743
ORD0096771,12.15,0.23907
ORD0096772,13.67,0.87687
ORD0096773,13.97,0.97623
ORD0096774,18.98,0.53311
ORD0096775,16.26,0.55151
ORD0096776,17.34,0.70211
ORD0096777,11.74,0.61844
ORD0096778,14.12,0.01027
ORD0096779,13.77,0.44356
ORD0096780,15.39,0.03567
ORD0096781,39.15,0.13656
ORD0096782,17.93,0.23989
ORD0096783,12.55,0.00388
ORD0096784,13.12,0.02589
ORD0096785,14.39,0.01434
ORD0096786,17.0,0.0036
ORD0096787,16.9,0.53274
ORD0096788,22.02,0.02136
ORD0096789,16.47,0.40251
ORD0096790,19.24,0.00752
ORD0096791,20.23,0.00946
ORD0096792,23.1,0.13949
ORD0096793,34.64,0.42166
ORD0096794,29.39,0.09321
ORD0096795,13.95,0.00416
ORD0096796,13.85,0.00526
ORD0096797,18.94,0.00271
ORD0096798,20.49,0.03418
ORD0096799,20.57,0.80592
ORD0096800,19.84,0.83759
ORD0096801,17.09,0.46526
ORD0096802,23.94,0.00775
ORD0096803,20.52,0.00398
ORD0096804,19.85,0.07039
ORD0096805,23.74,0.72906
ORD0096806,16.51,0.01277
ORD0096807,15.67,0.03367
ORD0096808,16.68,0.04534
ORD0096809,23.37,0.00717
ORD0096810,17.33,0.07169
ORD0096811,15.12,0.14197
ORD0096812,18.39,0.26269
ORD0096813,22.45,0.53592
ORD0096814,22.73,0.50289
ORD0096815,26.94,0.65657
ORD0096816,45.11,0.03604
ORD0096817,33.71,0.01244
ORD0096818,19.84,0.95326
ORD0096819,18.27,0.91099
ORD0096820,22.07,0.01143
ORD0096821,80.0,0.00841
ORD0096822,67.16,0.50334
ORD0096823,28.52,0.00197
ORD0096824,38.17,0.27775
ORD0096825,23.32,0.03571
ORD0096826,18.62,0.02052
ORD0096827,16.24,0.02034
ORD0096828,30.17,0.72103
ORD0096829,22.97,0.10969
ORD0096830,21.01,0.01685
ORD0096831,18.83,0.95766
ORD0096832,22.26,0.98996
ORD0096833,13.89,0.22847
ORD0096834,19.53,0.35253
ORD0096835,15.25,0.36612
ORD0096836,18.99,0.45739
ORD0096837,19.1,0.56364
ORD0096838,39.26,0.03731
ORD0096839,27.12,0.09957
ORD0096840,18.5,0.70188
ORD0096841,23.4,0.8479
ORD0096842,22.45,0.07834
ORD0096843,22.57,0.21825
ORD0096844,20.37,0.2322
ORD0096845,19.8,0.35098
ORD0096846,25.6,0.12558
ORD0096847,24.33,0.18132
ORD0096848,21.08,0.1221
ORD0096849,15.06,0.25454
ORD0096850,16.78,0.18294
ORD0096851,23.38,0.04595
ORD0096852,18.07,0.02948
ORD0096853,19.5,0.47112
ORD0096854,14.57,0.88829
ORD0096855,17.1,0.85349
ORD0096856,17.11,0.25664
ORD0096857,14.15,0.96744
ORD0096858,10.65,0.05953
ORD0096859,10.64,0.16629
ORD0096860,13.53,0.13459
ORD0096861,12.82,0.3211
ORD0096862,13.02,0.3995
ORD0096863,14.5,0.00241
ORD0096864,13.01,0.01276
ORD0096865,14.01,0.001
ORD0096866,13.89,0.00481
ORD0096867,12.43,0.00141
ORD0096868,12.97,0.00732
ORD0096869,13.76,0.09934
ORD0096870,13.76,0.02623
ORD0096871,18.89,0.678
ORD0096872,13.6,0.0854
ORD0096873,14.02,0.85839
ORD0096874,12.15,0.00119
ORD0096875,12.86,0.00393
ORD0096876,16.82,0.00276
ORD0096877,20.81,0.19649
ORD0096878,22.88,0.00434
ORD0096879,25.02,0.06294
ORD0096880,14.86,0.00868
ORD0096881,17.01,0.04147
ORD0096882,15.65,0.75954
ORD0096883,33.62,0.00087
ORD0096884,126.72,0.0172
ORD0096885,21.42,0.24156
ORD0096886,23.52,0.62474
ORD0096887,40.74,0.78577
ORD0096888,22.97,0.93203
ORD0096889,19.5,0.0098
ORD0096890,14.99,0.03106
ORD0096891,33.03,0.9953
ORD0096892,26.59,0.97584
ORD0096893,21.95,0.04807
ORD0096894,20.91,0.38614
ORD0096895,21.41,0.34023
ORD0096896,17.81,0.21627
ORD0096897,12.41,0.11456
ORD0096898,11.95,0.14758
ORD0096899,15.01,0.50943
ORD0096900,14.61,0.45121
ORD0096901,35.11,0.87739
ORD0096902,18.92,0.67287
ORD0096903,22.32,0.14712
ORD0096904,15.39,0.32679
ORD0096905,15.25,0.29971
ORD0096906,15.68,0.55281
ORD0096907,14.36,0.53582
ORD0096908,20.81,0.7849
ORD0096909,18.96,0.21061
ORD0096910,20.47,0.96735
ORD0096911,15.72,0.47395
ORD0096912,79.63,0.18742
ORD0096913,18.88,0.01094
ORD0096914,15.58,0.0063
ORD0096915,20.7,0.05908
ORD0096916,20.8,0.02486
ORD0096917,48.49,0.2262
ORD0096918,23.14,0.45432
ORD0096919,25.89,0.1064
ORD0096920,31.57,0.00537
ORD0096921,12.13,0.00254
ORD0096922,15.03,0.76713
ORD0096923,12.06,0.00439
ORD0096924,16.42,0.9922
ORD0096925,16.11,0.00196
ORD0096926,18.2,0.9866
ORD0096927,19.82,0.03075
ORD0096928,17.13,0.0087
ORD0096929,20.57,0.02292
ORD0096930,22.8,0.07734
ORD0096931,25.93,0.08338
ORD0096932,27.78,0.80071
ORD0096933,45.96,0.37336
ORD0096934,17.59,0.00475
ORD0096935,15.0,0.00813
ORD0096936,17.76,0.01086
ORD0096937,15.12,0.4212
ORD0096938,17.64,0.00814
ORD0096939,18.25,0.01473
ORD0096940,18.03,0.21287
ORD0096941,22.61,0.99155
ORD0096942,23.41,0.66155
ORD0096943,20.81,0.00623
ORD0096944,21.48,0.0197
ORD0096945,28.24,0.89432
ORD0096946,34.17,0.99699
ORD0096947,55.17,0.05044
ORD0096948,70.33,0.96289
ORD0096949,63.79,0.00922
ORD0096950,67.42,0.21342
ORD0096951,30.86,0.00808
ORD0096952,81.12,0.00272
ORD0096953,15.08,0.01618
ORD0096954,14.42,0.03452
ORD0096955,19.52,0.1045
ORD0096956,15.91,0.3306
ORD0096957,27.63,0.00394
ORD0096958,25.23,0.00708
ORD0096959,15.99,0.00467
ORD0096960,20.39,0.43605
ORD0096961,22.85,0.01244
ORD0096962,24.66,0.70313
ORD0096963,21.56,0.03686
ORD0096964,52.25,0.00213
ORD0096965,18.07,0.75279
ORD0096966,19.08,0.94896
ORD0096967,22.59,0.0438
ORD0096968,21.18,0.02798
ORD0096969,34.96,0.16397
ORD0096970,19.32,0.0208
ORD0096971,16.32,0.01397
ORD0096972,49.43,0.50401
ORD0096973,35.71,0.45053
ORD0096974,25.18,0.831
ORD0096975,24.57,0.1253
ORD0096976,25.71,0.79346
ORD0096977,19.2,0.97944
ORD0096978,23.02,0.82004
ORD0096979,16.32,0.07349
ORD0096980,14.83,0.34444
ORD0096981,16.79,0.5424
ORD0096982,17.12,0.21124
ORD0096983,22.27,0.81148
ORD0096984,17.75,0.30692
ORD0096985,43.08,0.08854
ORD0096986,30.05,0.01842
ORD0096987,25.01,0.96638
ORD0096988,18.3,0.57066
ORD0096989,31.47,0.19774
ORD0096990,34.61,0.02228
ORD0096991,29.68,0.55153
ORD0096992,20.65,0.09026
ORD0096993,26.3,0.09434
ORD0096994,33.76,0.07994
ORD0096995,20.19,0.18069
ORD0096996,25.16,0.14508
ORD0096997,22.86,0.0775
ORD0096998,14.98,0.06546
ORD0096999,16.45,0.28816
ORD0097000,14.62,0.1974
ORD0097001,15.35,0.21235
ORD0097002,18.08,0.30746
ORD0097003,21.89,0.08626
ORD0097004,23.38,0.09313
ORD0097005,16.67,0.50934
ORD0097006,17.05,0.03568
ORD0097007,19.29,0.38568
ORD0097008,17.73,0.85368
ORD0097009,11.7,0.05469
ORD0097010,11.42,0.32434
ORD0097011,14.23,0.14485
ORD0097012,16.96,0.61401
ORD0097013,12.71,0.32539
ORD0097014,14.25,0.00083
ORD0097015,11.29,0.00934
ORD0097016,13.42,0.00106
ORD0097017,14.76,0.00137
ORD0097018,12.53,0.0015
ORD0097019,13.18,0.03413
ORD0097020,12.42,0.00056
ORD0097021,11.12,0.00393
ORD0097022,12.0,0.00136
ORD0097023,14.21,0.21024
ORD0097024,11.73,0.00222
ORD0097025,14.07,0.82465
ORD0097026,12.34,0.01293
ORD0097027,11.97,0.00033
ORD0097028,10.73,0.00107
ORD0097029,15.09,0.00301
ORD0097030,22.99,0.44368
ORD0097031,24.22,0.0034
ORD0097032,14.84,0.00935
ORD0097033,15.13,0.03774
ORD0097034,15.62,0.94873
ORD0097035,30.73,0.00169
ORD0097036,63.64,0.00547
ORD0097037,41.11,0.17451
ORD0097038,58.49,0.00519
ORD0097039,66.36,0.00148
ORD0097040,26.0,0.0876
ORD0097041,17.09,0.09723
ORD0097042,20.4,0.12454
ORD0097043,24.25,0.53546
ORD0097044,28.82,0.5946
ORD0097045,23.45,0.00636
ORD0097046,25.15,0.97057
ORD0097047,24.7,0.96426
ORD0097048,18.6,0.02334
ORD0097049,21.7,0.47974
ORD0097050,12.71,0.14228
ORD0097051,16.23,0.70342
ORD0097052,13.85,0.06762
ORD0097053,27.82,0.96298
ORD0097054,22.84,0.17269
ORD0097055,20.99,0.25857
ORD0097056,15.77,0.01628
ORD0097057,20.13,0.38664
ORD0097058,16.05,0.2338
ORD0097059,15.46,0.60389
ORD0097060,14.13,0.60687
ORD0097061,25.89,0.48643
ORD0097062,17.88,0.6672
ORD0097063,15.13,0.49363
ORD0097064,22.57,0.01778
ORD0097065,32.2,0.08554
ORD0097066,21.91,0.00158
ORD0097067,64.49,0.3038
ORD0097068,39.99,0.00407
ORD0097069,28.29,0.55095
ORD0097070,21.21,0.01403
ORD0097071,11.99,0.008
ORD0097072,12.79,0.00889
ORD0097073,13.16,0.06071
ORD0097074,13.14,0.09287
ORD0097075,15.65,0.01888
ORD0097076,14.7,0.02607
ORD0097077,18.51,0.00094
ORD0097078,23.24,0.92428
ORD0097079,23.56,0.00625
ORD0097080,24.59,0.32393
ORD0097081,34.94,0.08436
ORD0097082,38.92,0.01337
ORD0097083,37.2,0.96394
ORD0097084,21.55,0.00835
ORD0097085,16.34,0.01197
ORD0097086,18.41,0.00123
ORD0097087,16.89,0.76724
ORD0097088,21.76,0.00796
ORD0097089,25.48,0.23316
ORD0097090,22.4,0.6433
ORD0097091,35.49,0.00608
ORD0097092,23.46,0.06747
ORD0097093,30.97,0.9316
ORD0097094,64.76,0.00927
ORD0097095,89.67,0.01376
ORD0097096,17.72,0.09634
ORD0097097,17.69,0.27198
ORD0097098,15.55,0.00105
ORD0097099,32.93,0.00736
ORD0097100,18.13,0.00196
ORD0097101,20.02,0.19028
ORD0097102,22.05,0.72958
ORD0097103,17.91,0.34227
ORD0097104,29.42,0.97924
ORD0097105,28.67,0.85405
ORD0097106,24.08,0.01816
ORD0097107,36.92,0.00121
ORD0097108,51.78,0.02238
ORD0097109,21.73,0.01636
ORD0097110,20.05,0.0133
ORD0097111,19.16,0.00819
ORD0097112,115.29,0.00161
ORD0097113,37.47,0.3146
ORD0097114,20.13,0.01293
ORD0097115,31.74,0.65831
ORD0097116,25.8,0.04385
ORD0097117,25.75,0.00913
ORD0097118,25.13,0.96138
ORD0097119,14.5,0.16301
ORD0097120,25.15,0.99417
ORD0097121,14.2,0.17741
ORD0097122,17.69,0.04539
ORD0097123,18.75,0.81374
ORD0097124,23.78,0.94296
ORD0097125,37.81,0.13863
ORD0097126,26.68,0.98684
ORD0097127,19.93,0.80799
ORD0097128,47.35,0.39374
ORD0097129,28.93,0.63811
ORD0097130,29.56,0.75819
ORD0097131,66.14,0.25813
ORD0097132,66.63,0.015
ORD0097133,37.4,0.70608
ORD0097134,21.68,0.89485
ORD0097135,24.69,0.63727
ORD0097136,22.17,0.35549
ORD0097137,26.61,0.99046
ORD0097138,22.06,0.88873
ORD0097139,51.84,0.00908
ORD0097140,16.52,0.38963
ORD0097141,18.0,0.27521
ORD0097142,24.4,0.14587
ORD0097143,22.79,0.06197
ORD0097144,24.6,0.08998
ORD0097145,20.76,0.02388
ORD0097146,20.55,0.92968
ORD0097147,17.57,0.74408
ORD0097148,27.65,0.00735
ORD0097149,58.02,0.00816
ORD0097150,14.51,0.0303
ORD0097151,14.34,0.12464
ORD0097152,15.61,0.16009
ORD0097153,12.95,0.30647
ORD0097154,11.86,0.00526
ORD0097155,11.73,0.00318
ORD0097156,12.58,0.00128
ORD0097157,12.27,0.00113
ORD0097158,13.45,0.05344
ORD0097159,11.47,0.00413
ORD0097160,13.24,0.59947
ORD0097161,12.48,0.00479
ORD0097162,14.93,0.91917
ORD0097163,14.01,0.96751
ORD0097164,10.5,0.00801
ORD0097165,10.59,0.00258
ORD0097166,9.92,0.00175
ORD0097167,18.33,0.03572
ORD0097168,19.95,0.0111
ORD0097169,28.96,0.01413
ORD0097170,28.73,0.00553
ORD0097171,21.26,0.35827
ORD0097172,18.74,0.04656
ORD0097173,24.38,0.88706
ORD0097174,21.58,0.00936
ORD0097175,21.52,0.01414
ORD0097176,30.11,0.09421
ORD0097177,26.16,0.1135
ORD0097178,22.83,0.05031
ORD0097179,17.67,0.00421
ORD0097180,25.35,0.80873
ORD0097181,20.13,0.00474
ORD0097182,20.15,0.0072
ORD0097183,18.17,0.48755
ORD0097184,20.31,0.01291
ORD0097185,12.58,0.15179
ORD0097186,22.35,0.76902
ORD0097187,26.99,0.95726
ORD0097188,16.31,0.02735
ORD0097189,20.42,0.25777
ORD0097190,18.2,0.25165
ORD0097191,14.1,0.60353
ORD0097192,13.65,0.61701
ORD0097193,26.77,0.5771
ORD0097194,23.91,0.36812
ORD0097195,22.07,0.87757
ORD0097196,19.99,0.00736
ORD0097197,18.89,0.00633
ORD0097198,23.67,0.03348
ORD0097199,23.11,0.03636
ORD0097200,55.28,0.22814
ORD0097201,44.61,0.14215
ORD0097202,24.71,0.58358
ORD0097203,23.8,0.32891
ORD0097204,12.0,0.06791
ORD0097205,14.75,0.96547
ORD0097206,13.28,0.87335
ORD0097207,16.12,0.91297
ORD0097208,12.85,0.32145
ORD0097209,16.53,0.02017
ORD0097210,16.32,0.44447
ORD0097211,18.19,0.0452
ORD0097212,15.66,0.00977
ORD0097213,33.91,0.12007
ORD0097214,26.63,0.10249
ORD0097215,38.24,0.5231
ORD0097216,32.39,0.31598
ORD0097217,16.2,0.00518
ORD0097218,12.34,0.00672
ORD0097219,14.32,0.02464
ORD0097220,17.17,0.00862
ORD0097221,14.42,0.27137
ORD0097222,16.02,0.09747
ORD0097223,17.82,0.32691
ORD0097224,16.77,0.79898
ORD0097225,25.98,0.00919
ORD0097226,18.44,0.00512
ORD0097227,20.67,0.80194
ORD0097228,28.67,0.97412
ORD0097229,14.43,0.00755
ORD0097230,17.15,0.01758
ORD0097231,14.47,0.02465
ORD0097232,23.32,0.00417
ORD0097233,24.98,0.00772
ORD0097234,16.23,0.05146
ORD0097235,12.96,0.11669
ORD0097236,18.71,0.02094
ORD0097237,16.58,0.36847
ORD0097238,22.24,0.21797
ORD0097239,20.46,0.13235
ORD0097240,40.3,0.00822
ORD0097241,26.05,0.00877
ORD0097242,48.2,0.00249
ORD0097243,18.87,0.34996
ORD0097244,18.06,0.0143
ORD0097245,20.54,0.00539
ORD0097246,21.45,0.02385
ORD0097247,80.28,0.00439
ORD0097248,80.3,0.01902
ORD0097249,27.18,0.33876
ORD0097250,25.13,0.11504
ORD0097251,20.52,0.00855
ORD0097252,17.35,0.01295
ORD0097253,31.93,0.79648
ORD0097254,17.08,0.03837
ORD0097255,23.31,0.98233
ORD0097256,13.96,0.41391
ORD0097257,20.21,0.99584
ORD0097258,20.13,0.73255
ORD0097259,12.68,0.32293
ORD0097260,15.8,0.08572
ORD0097261,16.58,0.72702
ORD0097262,24.87,0.93074
ORD0097263,41.64,0.11825
ORD0097264,25.11,0.62857
ORD0097265,24.09,0.9881
ORD0097266,40.81,0.31733
ORD0097267,27.77,0.67181
ORD0097268,23.73,0.9682
ORD0097269,23.31,0.11578
ORD0097270,24.17,0.1123
ORD0097271,19.61,0.23764
ORD0097272,21.09,0.27854
ORD0097273,15.57,0.1184
ORD0097274,14.53,0.13894
ORD0097275,14.55,0.40336
ORD0097276,14.98,0.39896
ORD0097277,17.6,0.02791
ORD0097278,17.69,0.13625
ORD0097279,22.7,0.01397
ORD0097280,15.66,0.05056
ORD0097281,13.32,0.00789
ORD0097282,11.53,0.15389
ORD0097283,16.88,0.66329
ORD0097284,14.39,0.46451
ORD0097285,49.93,0.07006
ORD0097286,17.88,0.03843
ORD0097287,16.93,0.1758
ORD0097288,13.74,0.10672
ORD0097289,12.38,0.40781
ORD0097290,13.48,0.4138
ORD0097291,12.16,0.01067
ORD0097292,12.43,0.66671
ORD0097293,12.07,0.00164
ORD0097294,12.35,0.00504
ORD0097295,11.74,0.01499
ORD0097296,14.62,0.95266
ORD0097297,10.27,0.00203
ORD0097298,10.75,0.01241
ORD0097299,11.61,0.09823
ORD0097300,14.83,0.64476
ORD0097301,13.41,0.98252
ORD0097302,12.72,0.88978
ORD0097303,10.94,0.00523
ORD0097304,11.39,0.04342
ORD0097305,15.66,0.00374
ORD0097306,19.0,0.00329
ORD0097307,15.21,0.0116
ORD0097308,13.32,0.00098
ORD0097309,15.84,0.03818
ORD0097310,13.98,0.00121
ORD0097311,21.59,0.02921
ORD0097312,23.82,0.05931
ORD0097313,21.31,0.10493
ORD0097314,24.52,0.35868
ORD0097315,21.35,0.50375
ORD0097316,21.02,0.55699
ORD0097317,15.11,0.00481
ORD0097318,12.75,0.00748
ORD0097319,23.09,0.94509
ORD0097320,25.91,0.96329
ORD0097321,16.97,0.01157
ORD0097322,18.24,0.02425
ORD0097323,33.68,0.00208
ORD0097324,20.02,0.61526
ORD0097325,18.52,0.56583
ORD0097326,13.74,0.19377
ORD0097327,10.72,0.09421
ORD0097328,17.43,0.86545
ORD0097329,15.61,0.72326
ORD0097330,27.58,0.98758
ORD0097331,19.83,0.36024
ORD0097332,16.99,0.21219
ORD0097333,28.55,0.03257
ORD0097334,14.89,0.22182
ORD0097335,16.95,0.59049
ORD0097336,13.24,0.56427
ORD0097337,23.62,0.36263
ORD0097338,18.87,0.24453
ORD0097339,20.45,0.61192
ORD0097340,20.45,0.032
ORD0097341,21.42,0.31033
ORD0097342,31.09,0.00182
ORD0097343,60.9,0.86475
ORD0097344,31.09,0.01408
ORD0097345,25.21,0.98826
